insert into teachers (id, first_name, last_name, futher_name, department, salary, qualification_level, contract_termination) values (1, 'Georgena', 'Ingreda', 'Ruttger', 'OSD', 14180, 'profesor', '2022-07-17');
insert into teachers (id, first_name, last_name, futher_name, department, salary, qualification_level, contract_termination) values (2, 'Pennie', 'Chander', 'Giorgi', 'OSD', 18111, 'profesor', '2022-08-04');
insert into teachers (id, first_name, last_name, futher_name, department, salary, qualification_level, contract_termination) values (3, 'Morissa', 'Brokenshire', 'Clim', 'OSD', 12825, 'profesor', '2022-04-11');
insert into teachers (id, first_name, last_name, futher_name, department, salary, qualification_level, contract_termination) values (4, 'Una', 'Selley', 'Rabbi', 'OSD', 19885, 'profesor', '2022-09-07');
insert into teachers (id, first_name, last_name, futher_name, department, salary, qualification_level, contract_termination) values (5, 'Jamison', 'Spellsworth', 'Costa', 'OSD', 12400, 'profesor', '2024-02-06');
insert into teachers (id, first_name, last_name, futher_name, department, salary, qualification_level, contract_termination) values (6, 'Fanchette', 'Liebmann', 'Beauregard', 'OSD', 17066, 'profesor', '2021-09-26');
insert into teachers (id, first_name, last_name, futher_name, department, salary, qualification_level, contract_termination) values (7, 'Jandy', 'McCallam', 'Godfree', 'OSD', 14630, 'profesor', '2022-06-16');
insert into teachers (id, first_name, last_name, futher_name, department, salary, qualification_level, contract_termination) values (8, 'Gisele', 'Winskill', 'Quent', 'OSD', 19034, 'profesor', '2023-08-03');
insert into teachers (id, first_name, last_name, futher_name, department, salary, qualification_level, contract_termination) values (9, 'Constantino', 'Wycliffe', 'Sergio', 'OSD', 16555, 'profesor', '2021-04-03');
insert into teachers (id, first_name, last_name, futher_name, department, salary, qualification_level, contract_termination) values (10, 'Xymenes', 'Kindleside', 'Darbee', 'OSD', 13621, 'profesor', '2021-01-02');
insert into teachers (id, first_name, last_name, futher_name, department, salary, qualification_level, contract_termination) values (11, 'Stanfield', 'Fendt', 'Abran', 'OSD', 17626, 'profesor', '2021-01-10');
insert into teachers (id, first_name, last_name, futher_name, department, salary, qualification_level, contract_termination) values (12, 'Joya', 'Hofler', 'Randall', 'OSD', 17846, 'profesor', '2023-10-06');
insert into teachers (id, first_name, last_name, futher_name, department, salary, qualification_level, contract_termination) values (13, 'Annora', 'Belin', 'Patton', 'OSD', 10198, 'profesor', '2021-10-22');
insert into teachers (id, first_name, last_name, futher_name, department, salary, qualification_level, contract_termination) values (14, 'Sheff', 'Howells', 'Durward', 'OSD', 16429, 'profesor', '2021-02-07');
insert into teachers (id, first_name, last_name, futher_name, department, salary, qualification_level, contract_termination) values (15, 'Russ', 'Itzakson', 'Orville', 'OSD', 12710, 'profesor', '2022-07-14');

  insert into gradebooks (id, number, issueDate) values (1, 1001, '2019-09-14');
  insert into gradebooks (id, number, issueDate) values (2, 1002, '2019-09-20');
  insert into gradebooks (id, number, issueDate) values (3, 1003, '2019-09-12');
  insert into gradebooks (id, number, issueDate) values (4, 1004, '2019-09-25');
  insert into gradebooks (id, number, issueDate) values (5, 1005, '2019-09-27');
  insert into gradebooks (id, number, issueDate) values (6, 1006, '2019-09-20');
  insert into gradebooks (id, number, issueDate) values (7, 1007, '2019-09-22');
  insert into gradebooks (id, number, issueDate) values (8, 1008, '2019-09-04');
  insert into gradebooks (id, number, issueDate) values (9, 1009, '2019-09-10');
  insert into gradebooks (id, number, issueDate) values (10, 1010, '2019-09-22');
  insert into gradebooks (id, number, issueDate) values (11, 1011, '2019-09-01');
  insert into gradebooks (id, number, issueDate) values (12, 1012, '2019-09-29');
  insert into gradebooks (id, number, issueDate) values (13, 1013, '2019-09-12');
  insert into gradebooks (id, number, issueDate) values (14, 1014, '2019-09-18');
  insert into gradebooks (id, number, issueDate) values (15, 1015, '2019-09-02');
  insert into gradebooks (id, number, issueDate) values (16, 1016, '2019-09-24');
  insert into gradebooks (id, number, issueDate) values (17, 1017, '2019-09-06');
  insert into gradebooks (id, number, issueDate) values (18, 1018, '2019-09-12');
  insert into gradebooks (id, number, issueDate) values (19, 1019, '2019-09-21');
  insert into gradebooks (id, number, issueDate) values (20, 1020, '2019-09-14');
  insert into gradebooks (id, number, issueDate) values (21, 1021, '2019-09-16');
  insert into gradebooks (id, number, issueDate) values (22, 1022, '2019-09-09');
  insert into gradebooks (id, number, issueDate) values (23, 1023, '2019-09-16');
  insert into gradebooks (id, number, issueDate) values (24, 1024, '2019-09-22');
  insert into gradebooks (id, number, issueDate) values (25, 1025, '2019-09-30');
  insert into gradebooks (id, number, issueDate) values (26, 1026, '2019-09-29');
  insert into gradebooks (id, number, issueDate) values (27, 1027, '2019-09-19');
  insert into gradebooks (id, number, issueDate) values (28, 1028, '2019-09-26');
  insert into gradebooks (id, number, issueDate) values (29, 1029, '2019-09-04');
  insert into gradebooks (id, number, issueDate) values (30, 1030, '2019-09-30');
  insert into gradebooks (id, number, issueDate) values (31, 1031, '2019-09-19');
  insert into gradebooks (id, number, issueDate) values (32, 1032, '2019-09-08');
  insert into gradebooks (id, number, issueDate) values (33, 1033, '2019-09-24');
  insert into gradebooks (id, number, issueDate) values (34, 1034, '2019-09-12');
  insert into gradebooks (id, number, issueDate) values (35, 1035, '2019-09-17');
  insert into gradebooks (id, number, issueDate) values (36, 1036, '2019-09-14');
  insert into gradebooks (id, number, issueDate) values (37, 1037, '2019-09-17');
  insert into gradebooks (id, number, issueDate) values (38, 1038, '2019-09-22');
  insert into gradebooks (id, number, issueDate) values (39, 1039, '2019-09-10');
  insert into gradebooks (id, number, issueDate) values (40, 1040, '2019-09-20');
insert into gradebooks (id, number, issueDate) values (41, 1041, '2017-09-16');
insert into gradebooks (id, number, issueDate) values (42, 1042, '2017-09-14');
insert into gradebooks (id, number, issueDate) values (43, 1043, '2017-09-12');
insert into gradebooks (id, number, issueDate) values (44, 1044, '2017-09-06');
insert into gradebooks (id, number, issueDate) values (45, 1045, '2017-09-18');
insert into gradebooks (id, number, issueDate) values (46, 1046, '2017-09-26');
insert into gradebooks (id, number, issueDate) values (47, 1047, '2017-09-01');
insert into gradebooks (id, number, issueDate) values (48, 1048, '2017-09-05');
insert into gradebooks (id, number, issueDate) values (49, 1049, '2017-09-15');
insert into gradebooks (id, number, issueDate) values (50, 1050, '2017-09-11');
insert into gradebooks (id, number, issueDate) values (51, 1051, '2017-09-22');
insert into gradebooks (id, number, issueDate) values (52, 1052, '2017-09-23');
insert into gradebooks (id, number, issueDate) values (53, 1053, '2017-09-23');
insert into gradebooks (id, number, issueDate) values (54, 1054, '2017-09-27');
insert into gradebooks (id, number, issueDate) values (55, 1055, '2017-09-29');
insert into gradebooks (id, number, issueDate) values (56, 1056, '2017-09-13');
insert into gradebooks (id, number, issueDate) values (57, 1057, '2017-09-14');
insert into gradebooks (id, number, issueDate) values (58, 1058, '2017-09-05');
insert into gradebooks (id, number, issueDate) values (59, 1059, '2017-09-28');
insert into gradebooks (id, number, issueDate) values (60, 1060, '2017-09-05');

insert into faculties (id, name, dean_name, dean_lastname, dean_fathername) values (1, 'TECH FACULTY', 'Russ', 'Spellsworth', 'Sergio');

insert into institutes (id, name, rector_name, rector_lastname, rector_fathername) values (1, 'Philippines Polytechnical Institute', 'Constantino', 'Brokenshire', 'Clim');

  INSERT INTO days (id, day, study_week) VALUES (1, 'monday', '1');
  INSERT INTO days (id, day, study_week) VALUES (2, 'tuesday', '1');
  INSERT INTO days (id, day, study_week) VALUES (3, 'wednesday', '1');
  INSERT INTO days (id, day, study_week) VALUES (4, 'thursday', '1');
  INSERT INTO days (id, day, study_week) VALUES (5, 'friday', '1');
  INSERT INTO days (id, day, study_week) VALUES (6, 'saturday', '1');
  INSERT INTO days (id, day, study_week) VALUES (7, 'monday', '2');
  INSERT INTO days (id, day, study_week) VALUES (8, 'tuesday', '2');
  INSERT INTO days (id, day, study_week) VALUES (9, 'wednesday', '2');
  INSERT INTO days (id, day, study_week) VALUES (10, 'thursday', '2');
  INSERT INTO days (id, day, study_week) VALUES (11, 'friday', '2');
  INSERT INTO days (id, day, study_week) VALUES (12, 'saturday', '2');

  INSERT INTO hours (id, pair_number, beginning, ending) VALUES (1, 1, '8:30', '10:05');
  INSERT INTO hours (id, pair_number, beginning, ending) VALUES (2, 2, '10:25', '12:00');
  INSERT INTO hours (id, pair_number, beginning, ending) VALUES (3, 3, '12:20', '13:55');
  INSERT INTO hours (id, pair_number, beginning, ending) VALUES (5, 5, '16:10', '17:45');
  INSERT INTO hours (id, pair_number, beginning, ending) VALUES (4, 4, '14:15', '15:50');

  INSERT INTO places (id, corps, audience) VALUES (1, 18, 101);
  INSERT INTO places (id, corps, audience) VALUES (2, 18, 102);
  INSERT INTO places (id, corps, audience) VALUES (3, 18, 103);
  INSERT INTO places (id, corps, audience) VALUES (4, 18, 104);
  INSERT INTO places (id, corps, audience) VALUES (5, 18, 105);
  INSERT INTO places (id, corps, audience) VALUES (6, 18, 106);
  INSERT INTO places (id, corps, audience) VALUES (7, 18, 107);
  INSERT INTO places (id, corps, audience) VALUES (8, 18, 108);
  INSERT INTO places (id, corps, audience) VALUES (9, 19, 104);
  INSERT INTO places (id, corps, audience) VALUES (10, 19, 105);
  INSERT INTO places (id, corps, audience) VALUES (11, 20, 106);
  INSERT INTO places (id, corps, audience) VALUES (12, 21, 307);
  INSERT INTO places (id, corps, audience) VALUES (13, 20, 408);
  INSERT INTO places (id, corps, audience) VALUES (14, 19, 304);
  INSERT INTO places (id, corps, audience) VALUES (15, 19, 305);
  INSERT INTO places (id, corps, audience) VALUES (16, 20, 306);
  INSERT INTO places (id, corps, audience) VALUES (17, 21, 307);
  INSERT INTO places (id, corps, audience) VALUES (18, 20, 308);

insert into subjects (id, name, description, loans, hours, occupation_type) values (1, 'OOP programing', 'bal bla bla', 100, 43, 'lecture');
insert into subjects (id, name, description, loans, hours, occupation_type) values (2, 'Databases', 'bal bla bla', 100, 43, 'lecture');
insert into subjects (id, name, description, loans, hours, occupation_type) values (3, 'Computer technology', 'bal bla bla', 100, 43, 'lecture');
insert into subjects (id, name, description, loans, hours, occupation_type) values (4, 'Math', 'bal bla bla', 100, 43, 'lecture');
insert into subjects (id, name, description, loans, hours, occupation_type) values (5, 'History', 'bal bla bla', 100, 43, 'lecture');
insert into subjects (id, name, description, loans, hours, occupation_type) values (6, 'Discret math', 'bal bla bla', 100, 43, 'lecture');
insert into subjects (id, name, description, loans, hours, occupation_type) values (7, 'Algotitms', 'bal bla bla', 100, 43, 'lecture');
insert into subjects (id, name, description, loans, hours, occupation_type) values (8, 'Web programing', 'bal bla bla', 100, 43, 'lecture');
insert into subjects (id, name, description, loans, hours, occupation_type) values (9, 'Programing', 'bal bla bla', 100, 43, 'lecture');
insert into subjects (id, name, description, loans, hours, occupation_type) values (10, 'Line Math', 'bal bla bla', 100, 43, 'lecture');
insert into subjects (id, name, description, loans, hours, occupation_type) values (11, 'Nowdays programind', 'bal bla bla', 100, 43, 'lecture');
insert into subjects (id, name, description, loans, hours, occupation_type) values (12, 'Operation Systems', 'bal bla bla', 100, 43, 'lecture');
insert into subjects (id, name, description, loans, hours, occupation_type) values (13, 'Backend technology', 'bal bla bla', 100, 43, 'lecture');
insert into subjects (id, name, description, loans, hours, occupation_type) values (14, 'Cordelia', 'bal bla bla', 100, 43, 'lecture');
insert into subjects (id, name, description, loans, hours, occupation_type) values (15, 'Some subject', 'bal bla bla', 100, 43, 'lecture');

insert into groups (id, specialty, creation, course, training_direction, education_level, qualification, admissionCourse, institute_id, faculty_id, curator_id, name) values (1, 'Software engineer', '2019-07-20', 2, 'programing', 'bakalavr', 'denna', 1, 1, 1, 1, 'IN-99');
insert into groups (id, specialty, creation, course, training_direction, education_level, qualification, admissionCourse, institute_id, faculty_id, curator_id, name) values (2, 'Software engineer', '2019-07-20', 2, 'programing', 'bakalavr', 'denna', 1, 1, 1, 2, 'IN-98');
insert into groups (id, specialty, creation, course, training_direction, education_level, qualification, admissionCourse, institute_id, faculty_id, curator_id, name) values (3, 'Software engineer', '2017-07-20', 4, 'programing', 'bakalavr', 'denna', 1, 1, 1, 3, 'IN-77');

insert into teachers_authentications (id, login, password, teacher_id) values (1, 'WhrkVE', 'dG5Z0CLOHH', 1);
insert into teachers_authentications (id, login, password, teacher_id) values (2, '9uGXLj', 'jdJ8dxmw2v', 2);
insert into teachers_authentications (id, login, password, teacher_id) values (3, 'OaGg6XKG', 'IenOXaR0', 3);
insert into teachers_authentications (id, login, password, teacher_id) values (4, 'k1Cgbck', 'ydhZDzSKT5tn', 4);
insert into teachers_authentications (id, login, password, teacher_id) values (5, '7MMmOG3bdr', '2fCiZnsD', 5);
insert into teachers_authentications (id, login, password, teacher_id) values (6, 'S481JcX8vu', 'K4svZNYOIoT', 6);
insert into teachers_authentications (id, login, password, teacher_id) values (7, 'RQv4jsWoR', 'u5g2BE', 7);
insert into teachers_authentications (id, login, password, teacher_id) values (8, 'ni0tL5VnfydV', 'WlFR7MBVVz', 8);
insert into teachers_authentications (id, login, password, teacher_id) values (9, 'oMUVqS4QtiHj', 'xrtVG19F5bJk', 9);
insert into teachers_authentications (id, login, password, teacher_id) values (10, '3NLBHTk46', 'CQBQeguLUdgO', 10);
insert into teachers_authentications (id, login, password, teacher_id) values (11, 'URifWBhle', '4j19PEikx3Al', 11);
insert into teachers_authentications (id, login, password, teacher_id) values (12, '65pyy1g', '32prnzMVf', 12);
insert into teachers_authentications (id, login, password, teacher_id) values (13, 'PUBuvzXPI30E', 'vgQ2xHCvjlw', 13);
insert into teachers_authentications (id, login, password, teacher_id) values (14, 'jXouUH', 'T0wWfRkRHXT', 14);
insert into teachers_authentications (id, login, password, teacher_id) values (15, '0J1uW8HUtL', 'yTB0cUbV1', 15);

insert into teachers_emails (id, email, sign, teacher_id) values (1, 'dtousy0@parallels.com', 'Vivamus i.', 1);
insert into teachers_emails (id, email, sign, teacher_id) values (2, 'rfortnum1@amazon.com', 'Duis al.', 2);
insert into teachers_emails (id, email, sign, teacher_id) values (3, 'cpateman2@yahoo.com', 'Nam dui.', 3);
insert into teachers_emails (id, email, sign, teacher_id) values (4, 'fbugg3@buzzfeed.com', 'Phasel.', 4);
insert into teachers_emails (id, email, sign, teacher_id) values (5, 'agillham4@wiley.com', 'Nulla', 5);
insert into teachers_emails (id, email, sign, teacher_id) values (6, 'dprandini5@purevolume.com', 'Aenean a.', 6);
insert into teachers_emails (id, email, sign, teacher_id) values (7, 'bthirlaway6@storify.com', 'Ut at dolo', 7);
insert into teachers_emails (id, email, sign, teacher_id) values (8, 'obabbe7@barnesandnoble.com', 'Integer ', 8);
insert into teachers_emails (id, email, sign, teacher_id) values (9, 'ehendrich8@stumbleupon.com', 'Praesent ', 9);
insert into teachers_emails (id, email, sign, teacher_id) values (10, 'bjoron9@soundcloud.com', 'Maecenas u', 10);
insert into teachers_emails (id, email, sign, teacher_id) values (11, 'pcutmorea@weebly.com', 'Morbi non ', 11);
insert into teachers_emails (id, email, sign, teacher_id) values (12, 'ascamblerb@booking.com', 'Mauris u', 12);
insert into teachers_emails (id, email, sign, teacher_id) values (13, 'agraemec@msn.com', 'Donec dapibus.', 13);
insert into teachers_emails (id, email, sign, teacher_id) values (14, 'mvanderweedenburgd@miitbeian.gov.cn', 'Cras in', 14);
insert into teachers_emails (id, email, sign, teacher_id) values (15, 'cashingtone@example.com', 'dd', 15);

  insert into teachers_phones (id, phone_number, sign, teacher_id) values (1, '2932428298', 'Nam nulla. Inte.', 1);
  insert into teachers_phones (id, phone_number, sign, teacher_id) values (2, '8078970769', 'Curabitur gra', 2);
  insert into teachers_phones (id, phone_number, sign, teacher_id) values (3, '2134769418', 'Nunc purus. Ph', 3);
  insert into teachers_phones (id, phone_number, sign, teacher_id) values (4, '7323799048', 'Nulla ut er', 4);
  insert into teachers_phones (id, phone_number, sign, teacher_id) values (5, '7116565419', 'Duis aliquam ', 5);
  insert into teachers_phones (id, phone_number, sign, teacher_id) values (6, '2182423620', 'In eleifend quo.', 6);
  insert into teachers_phones (id, phone_number, sign, teacher_id) values (7, '4519002724', 'Maecenas tin', 7);
  insert into teachers_phones (id, phone_number, sign, teacher_id) values (8, '6471048470', 'Vestibulum ant', 8);
  insert into teachers_phones (id, phone_number, sign, teacher_id) values (9, '3143473992', 'Pellentesqu.', 9);
  insert into teachers_phones (id, phone_number, sign, teacher_id) values (10, '5229423619', 'Nulla tellus.', 10);
  insert into teachers_phones (id, phone_number, sign, teacher_id) values (11, '8738021773', 'Aliquam aug', 11);
  insert into teachers_phones (id, phone_number, sign, teacher_id) values (12, '5122924410', 'Aliquam non mauris.', 12);
  insert into teachers_phones (id, phone_number, sign, teacher_id) values (13, '3397087754', 'Pellentesque ', 13);
  insert into teachers_phones (id, phone_number, sign, teacher_id) values (14, '2457790084', 'Curabitur ', 14);
  insert into teachers_phones (id, phone_number, sign, teacher_id) values (15, '9399916441', 'Nunc rhoncus', 15);

insert into students (id, first_name, last_name, father_name, scholarship, education_form, status, birth_day, photoURL, group_id, gradebook_id) values (1, 'Cullen', 'Grinyov', 'Sayre', 1499, 'denna', 'simple student', '2001-07-02', 'http://dummyimage.com/250x250.png/cc0000/ffffff', 1, 1);
insert into students (id, first_name, last_name, father_name, scholarship, education_form, status, birth_day, photoURL, group_id, gradebook_id) values (2, 'Gage', 'Carbert', 'Michal', 1468, 'denna', 'simple student', '2000-10-16', 'http://dummyimage.com/250x250.png/ff4444/ffffff', 1, 2);
insert into students (id, first_name, last_name, father_name, scholarship, education_form, status, birth_day, photoURL, group_id, gradebook_id) values (3, 'Carlen', 'Cressor', 'Ulric', 1542, 'denna', 'simple student', '2001-03-17', 'http://dummyimage.com/250x250.png/dddddd/000000', 1, 3);
insert into students (id, first_name, last_name, father_name, scholarship, education_form, status, birth_day, photoURL, group_id, gradebook_id) values (4, 'Fannie', 'Farriar', 'Finley', 1255, 'denna', 'simple student', '2001-01-26', 'http://dummyimage.com/250x250.png/ff4444/ffffff', 1, 4);
insert into students (id, first_name, last_name, father_name, scholarship, education_form, status, birth_day, photoURL, group_id, gradebook_id) values (5, 'Glyn', 'Trenfield', 'Shaun', 1606, 'denna', 'lider', '2001-01-09', 'http://dummyimage.com/250x250.png/5fa2dd/ffffff', 1, 5);
insert into students (id, first_name, last_name, father_name, scholarship, education_form, status, birth_day, photoURL, group_id, gradebook_id) values (6, 'Lucas', 'Pitson', 'Nappy', 1497, 'denna', 'simple student', '2001-08-02', 'http://dummyimage.com/250x250.png/5fa2dd/ffffff', 1, 6);
insert into students (id, first_name, last_name, father_name, scholarship, education_form, status, birth_day, photoURL, group_id, gradebook_id) values (7, 'Perri', 'Garnett', 'Jarret', 1274, 'denna', 'simple student', '2000-10-11', 'http://dummyimage.com/250x250.png/dddddd/000000', 1, 7);
insert into students (id, first_name, last_name, father_name, scholarship, education_form, status, birth_day, photoURL, group_id, gradebook_id) values (8, 'Sharity', 'Truss', 'Tadeo', 1363, 'denna', 'simple student', '2001-04-01', 'http://dummyimage.com/250x250.png/5fa2dd/ffffff', 1, 8);
insert into students (id, first_name, last_name, father_name, scholarship, education_form, status, birth_day, photoURL, group_id, gradebook_id) values (9, 'Alanah', 'Kyndred', 'Rowen', 1528, 'denna', 'simple student', '2001-09-25', 'http://dummyimage.com/250x250.png/5fa2dd/ffffff', 1, 9);
insert into students (id, first_name, last_name, father_name, scholarship, education_form, status, birth_day, photoURL, group_id, gradebook_id) values (10, 'Henrietta', 'Tuckwood', 'Ring', 1046, 'denna', 'simple student', '2001-09-19', 'http://dummyimage.com/250x250.png/cc0000/ffffff', 1, 10);
insert into students (id, first_name, last_name, father_name, scholarship, education_form, status, birth_day, photoURL, group_id, gradebook_id) values (11, 'Leon', 'Burnyate', 'Leonid', 1213, 'denna', 'simple student', '2001-01-10', 'http://dummyimage.com/250x250.png/dddddd/000000', 1, 11);
insert into students (id, first_name, last_name, father_name, scholarship, education_form, status, birth_day, photoURL, group_id, gradebook_id) values (12, 'Cati', 'Kimberley', 'Alfredo', 1637, 'denna', 'simple student', '2001-01-04', 'http://dummyimage.com/250x250.png/ff4444/ffffff', 1, 12);
insert into students (id, first_name, last_name, father_name, scholarship, education_form, status, birth_day, photoURL, group_id, gradebook_id) values (13, 'Dillon', 'Twine', 'Kermit', 1654, 'denna', 'simple student', '2001-04-17', 'http://dummyimage.com/250x250.png/ff4444/ffffff', 1, 13);
insert into students (id, first_name, last_name, father_name, scholarship, education_form, status, birth_day, photoURL, group_id, gradebook_id) values (14, 'Colet', 'Shelf', 'Patsy', 1853, 'denna', 'simple student', '2000-11-14', 'http://dummyimage.com/250x250.png/5fa2dd/ffffff', 1, 14);
insert into students (id, first_name, last_name, father_name, scholarship, education_form, status, birth_day, photoURL, group_id, gradebook_id) values (15, 'Mara', 'Horley', 'Vaughan', 1776, 'denna', 'simple student', '2001-07-22', 'http://dummyimage.com/250x250.png/5fa2dd/ffffff', 1, 15);
insert into students (id, first_name, last_name, father_name, scholarship, education_form, status, birth_day, photoURL, group_id, gradebook_id) values (16, 'Veronique', 'Stookes', 'Leigh', 1725, 'denna', 'simple student', '2000-10-08', 'http://dummyimage.com/250x250.png/dddddd/000000', 1, 16);
insert into students (id, first_name, last_name, father_name, scholarship, education_form, status, birth_day, photoURL, group_id, gradebook_id) values (17, 'Nita', 'Pods', 'Hersch', 1234, 'denna', 'simple student', '2001-08-11', 'http://dummyimage.com/250x250.png/5fa2dd/ffffff', 1, 17);
insert into students (id, first_name, last_name, father_name, scholarship, education_form, status, birth_day, photoURL, group_id, gradebook_id) values (18, 'Zebulon', 'Graveney', 'Jess', 1740, 'denna', 'simple student', '2000-12-22', 'http://dummyimage.com/250x250.png/dddddd/000000', 1, 18);
insert into students (id, first_name, last_name, father_name, scholarship, education_form, status, birth_day, photoURL, group_id, gradebook_id) values (19, 'Salvidor', 'Kellogg', 'Mick', 1491, 'denna', 'simple student', '2000-09-30', 'http://dummyimage.com/250x250.png/ff4444/ffffff', 1, 19);
insert into students (id, first_name, last_name, father_name, scholarship, education_form, status, birth_day, photoURL, group_id, gradebook_id) values (20, 'Toddie', 'Atlee', 'Osmond', 1053, 'denna', 'simple student', '2001-04-20', 'http://dummyimage.com/250x250.png/dddddd/000000', 1, 20);
insert into students (id, first_name, last_name, father_name, scholarship, education_form, status, birth_day, photoURL, group_id, gradebook_id) values (21, 'Inge', 'Hamon', 'Sig', 1629, 'denna', 'simple student', '2001-11-24', 'http://dummyimage.com/250x250.png/dddddd/000000', 2, 21);
insert into students (id, first_name, last_name, father_name, scholarship, education_form, status, birth_day, photoURL, group_id, gradebook_id) values (22, 'Philip', 'Hakking', 'Arne', 1661, 'denna', 'simple student', '2002-05-19', 'http://dummyimage.com/250x250.png/5fa2dd/ffffff', 2, 22);
insert into students (id, first_name, last_name, father_name, scholarship, education_form, status, birth_day, photoURL, group_id, gradebook_id) values (23, 'Jaquelin', 'Bankhurst', 'Andras', 1555, 'denna', 'simple student', '2001-10-26', 'http://dummyimage.com/250x250.png/cc0000/ffffff', 2, 23);
insert into students (id, first_name, last_name, father_name, scholarship, education_form, status, birth_day, photoURL, group_id, gradebook_id) values (24, 'Rosina', 'Seatter', 'Hadrian', 1953, 'denna', 'simple student', '2000-10-18', 'http://dummyimage.com/250x250.png/5fa2dd/ffffff', 2, 24);
insert into students (id, first_name, last_name, father_name, scholarship, education_form, status, birth_day, photoURL, group_id, gradebook_id) values (25, 'Roddy', 'Guilbert', 'Stan', 1396, 'denna', 'simple student', '2001-03-15', 'http://dummyimage.com/250x250.png/ff4444/ffffff', 2, 25);
insert into students (id, first_name, last_name, father_name, scholarship, education_form, status, birth_day, photoURL, group_id, gradebook_id) values (26, 'Keane', 'Vivian', 'Giorgi', 1581, 'denna', 'simple student', '2002-03-10', 'http://dummyimage.com/250x250.png/5fa2dd/ffffff', 2, 26);
insert into students (id, first_name, last_name, father_name, scholarship, education_form, status, birth_day, photoURL, group_id, gradebook_id) values (27, 'Giacobo', 'Dumper', 'Adolf', 1429, 'denna', 'simple student', '2001-10-23', 'http://dummyimage.com/250x250.png/dddddd/000000', 2, 27);
insert into students (id, first_name, last_name, father_name, scholarship, education_form, status, birth_day, photoURL, group_id, gradebook_id) values (28, 'Helyn', 'Eble', 'Mace', 1965, 'denna', 'simple student', '2001-06-30', 'http://dummyimage.com/250x250.png/ff4444/ffffff', 2, 28);
insert into students (id, first_name, last_name, father_name, scholarship, education_form, status, birth_day, photoURL, group_id, gradebook_id) values (29, 'Vincent', 'Semerad', 'Bordie', 1778, 'denna', 'simple student', '2001-01-09', 'http://dummyimage.com/250x250.png/ff4444/ffffff', 2, 29);
insert into students (id, first_name, last_name, father_name, scholarship, education_form, status, birth_day, photoURL, group_id, gradebook_id) values (30, 'Alleyn', 'Simacek', 'Staford', 1595, 'denna', 'simple student', '2002-02-20', 'http://dummyimage.com/250x250.png/ff4444/ffffff', 2, 30);
insert into students (id, first_name, last_name, father_name, scholarship, education_form, status, birth_day, photoURL, group_id, gradebook_id) values (31, 'Fredia', 'Crocroft', 'Stafford', 1377, 'denna', 'simple student', '2000-10-16', 'http://dummyimage.com/250x250.png/ff4444/ffffff', 2, 31);
insert into students (id, first_name, last_name, father_name, scholarship, education_form, status, birth_day, photoURL, group_id, gradebook_id) values (32, 'Leela', 'Hanretty', 'Lewiss', 1915, 'denna', 'lider', '2000-10-08', 'http://dummyimage.com/250x250.png/dddddd/000000', 2, 32);
insert into students (id, first_name, last_name, father_name, scholarship, education_form, status, birth_day, photoURL, group_id, gradebook_id) values (33, 'Hubert', 'Larderot', 'Earvin', 1737, 'denna', 'simple student', '2002-07-18', 'http://dummyimage.com/250x250.png/ff4444/ffffff', 2, 33);
insert into students (id, first_name, last_name, father_name, scholarship, education_form, status, birth_day, photoURL, group_id, gradebook_id) values (34, 'Kent', 'Wasmer', 'Artemas', 1746, 'denna', 'simple student', '2001-04-26', 'http://dummyimage.com/250x250.png/5fa2dd/ffffff', 2, 34);
insert into students (id, first_name, last_name, father_name, scholarship, education_form, status, birth_day, photoURL, group_id, gradebook_id) values (35, 'Garwood', 'Ferronet', 'Gavan', 1903, 'denna', 'simple student', '2000-11-06', 'http://dummyimage.com/250x250.png/dddddd/000000', 2, 35);
insert into students (id, first_name, last_name, father_name, scholarship, education_form, status, birth_day, photoURL, group_id, gradebook_id) values (36, 'Lia', 'Surmeyer', 'Peadar', 1713, 'denna', 'simple student', '2001-02-19', 'http://dummyimage.com/250x250.png/ff4444/ffffff', 2, 36);
insert into students (id, first_name, last_name, father_name, scholarship, education_form, status, birth_day, photoURL, group_id, gradebook_id) values (37, 'Malissa', 'Braidman', 'Adolpho', 1919, 'denna', 'simple student', '2002-08-24', 'http://dummyimage.com/250x250.png/5fa2dd/ffffff', 2, 37);
insert into students (id, first_name, last_name, father_name, scholarship, education_form, status, birth_day, photoURL, group_id, gradebook_id) values (38, 'Frasco', 'Twining', 'Cecilius', 1041, 'denna', 'simple student', '2001-08-30', 'http://dummyimage.com/250x250.png/dddddd/000000', 2, 38);
insert into students (id, first_name, last_name, father_name, scholarship, education_form, status, birth_day, photoURL, group_id, gradebook_id) values (39, 'Salome', 'Baccas', 'Stan', 1222, 'denna', 'simple student', '2001-09-07', 'http://dummyimage.com/250x250.png/cc0000/ffffff', 2, 39);
insert into students (id, first_name, last_name, father_name, scholarship, education_form, status, birth_day, photoURL, group_id, gradebook_id) values (40, 'Leslie', 'Andriveaux', 'Ronald', 1835, 'denna', 'simple student', '2000-11-16', 'http://dummyimage.com/250x250.png/cc0000/ffffff', 2, 40);
  insert into students (id, first_name, last_name, father_name, scholarship, education_form, status, birth_day, photoURL, group_id, gradebook_id) values (41, 'Aloysius', 'Butchard', 'Artemas', 1455, 'denna', 'simple student', '2000-08-19', 'http://dummyimage.com/250x250.png/ff4444/ffffff', 3, 41);
  insert into students (id, first_name, last_name, father_name, scholarship, education_form, status, birth_day, photoURL, group_id, gradebook_id) values (42, 'Cobby', 'Sanbrooke', 'Haven', 1347, 'denna', 'simple student', '1999-08-19', 'http://dummyimage.com/250x250.png/dddddd/000000', 3, 42);
  insert into students (id, first_name, last_name, father_name, scholarship, education_form, status, birth_day, photoURL, group_id, gradebook_id) values (43, 'Emerson', 'Eseler', 'Glendon', 1463, 'denna', 'simple student', '1998-10-17', 'http://dummyimage.com/250x250.png/dddddd/000000', 3, 43);
  insert into students (id, first_name, last_name, father_name, scholarship, education_form, status, birth_day, photoURL, group_id, gradebook_id) values (44, 'Gibbie', 'Caldwall', 'Berti', 1357, 'denna', 'simple student', '1999-08-01', 'http://dummyimage.com/250x250.png/5fa2dd/ffffff', 3, 44);
  insert into students (id, first_name, last_name, father_name, scholarship, education_form, status, birth_day, photoURL, group_id, gradebook_id) values (45, 'Irita', 'Ravenscroft', 'Petey', 1697, 'denna', 'simple student', '1998-10-28', 'http://dummyimage.com/250x250.png/dddddd/000000', 3, 45);
  insert into students (id, first_name, last_name, father_name, scholarship, education_form, status, birth_day, photoURL, group_id, gradebook_id) values (46, 'Errick', 'Geffe', 'Geordie', 1707, 'denna', 'simple student', '1999-01-08', 'http://dummyimage.com/250x250.png/dddddd/000000', 3, 46);
  insert into students (id, first_name, last_name, father_name, scholarship, education_form, status, birth_day, photoURL, group_id, gradebook_id) values (47, 'Feliza', 'Breukelman', 'Gaile', 1288, 'denna', 'simple student', '1999-01-06', 'http://dummyimage.com/250x250.png/dddddd/000000', 3, 47);
  insert into students (id, first_name, last_name, father_name, scholarship, education_form, status, birth_day, photoURL, group_id, gradebook_id) values (48, 'Rowney', 'Crutcher', 'Linc', 1470, 'denna', 'simple student', '2000-04-10', 'http://dummyimage.com/250x250.png/5fa2dd/ffffff', 3, 48);
  insert into students (id, first_name, last_name, father_name, scholarship, education_form, status, birth_day, photoURL, group_id, gradebook_id) values (49, 'Alexia', 'Strase', 'Estevan', 1856, 'denna', 'simple student', '2000-09-03', 'http://dummyimage.com/250x250.png/dddddd/000000', 3, 49);
  insert into students (id, first_name, last_name, father_name, scholarship, education_form, status, birth_day, photoURL, group_id, gradebook_id) values (50, 'Lynne', 'Leward', 'Gawen', 1251, 'denna', 'simple student', '2000-03-09', 'http://dummyimage.com/250x250.png/cc0000/ffffff', 3, 50);
  insert into students (id, first_name, last_name, father_name, scholarship, education_form, status, birth_day, photoURL, group_id, gradebook_id) values (51, 'Augusto', 'Blaxton', 'Mathian', 1204, 'denna', 'simple student', '2000-02-18', 'http://dummyimage.com/250x250.png/dddddd/000000', 3, 51);
  insert into students (id, first_name, last_name, father_name, scholarship, education_form, status, birth_day, photoURL, group_id, gradebook_id) values (52, 'Cristen', 'Hamill', 'Vincent', 1869, 'denna', 'simple student', '1999-08-09', 'http://dummyimage.com/250x250.png/5fa2dd/ffffff', 3, 52);
  insert into students (id, first_name, last_name, father_name, scholarship, education_form, status, birth_day, photoURL, group_id, gradebook_id) values (53, 'Thorndike', 'McGrath', 'Lannie', 1851, 'denna', 'simple student', '1999-08-15', 'http://dummyimage.com/250x250.png/ff4444/ffffff', 3, 53);
  insert into students (id, first_name, last_name, father_name, scholarship, education_form, status, birth_day, photoURL, group_id, gradebook_id) values (54, 'Konstantine', 'Hellin', 'Dermot', 1914, 'denna', 'simple student', '1999-05-06', 'http://dummyimage.com/250x250.png/dddddd/000000', 3, 54);
  insert into students (id, first_name, last_name, father_name, scholarship, education_form, status, birth_day, photoURL, group_id, gradebook_id) values (55, 'L;urette', 'Landeaux', 'Dean', 1594, 'denna', 'simple student', '1999-04-01', 'http://dummyimage.com/250x250.png/dddddd/000000', 3, 55);
  insert into students (id, first_name, last_name, father_name, scholarship, education_form, status, birth_day, photoURL, group_id, gradebook_id) values (56, 'Tobias', 'Witherow', 'Saul', 1203, 'denna', 'simple student', '2000-08-17', 'http://dummyimage.com/250x250.png/ff4444/ffffff', 3, 56);
  insert into students (id, first_name, last_name, father_name, scholarship, education_form, status, birth_day, photoURL, group_id, gradebook_id) values (57, 'Shirleen', 'Bread', 'Marcos', 1414, 'denna', 'simple student', '1999-10-24', 'http://dummyimage.com/250x250.png/cc0000/ffffff', 3, 57);
  insert into students (id, first_name, last_name, father_name, scholarship, education_form, status, birth_day, photoURL, group_id, gradebook_id) values (58, 'Meryl', 'Pridding', 'Sigfrid', 1184, 'denna', 'simple student', '1999-09-24', 'http://dummyimage.com/250x250.png/ff4444/ffffff', 3, 58);
  insert into students (id, first_name, last_name, father_name, scholarship, education_form, status, birth_day, photoURL, group_id, gradebook_id) values (59, 'Bennett', 'Quillinane', 'Linus', 1654, 'denna', 'simple student', '2000-03-03', 'http://dummyimage.com/250x250.png/5fa2dd/ffffff', 3, 59);
  insert into students (id, first_name, last_name, father_name, scholarship, education_form, status, birth_day, photoURL, group_id, gradebook_id) values (60, 'Rene', 'Davydoch', 'Bartlett', 1874, 'denna', 'simple student', '1999-04-13', 'http://dummyimage.com/250x250.png/dddddd/000000', 3, 60);



INSERT INTO schedules (teacher_id, subject_id, group_id, hour_id, place_id, day_id) VALUES (1, 1, 1, 1, 1, 1);
INSERT INTO schedules (teacher_id, subject_id, group_id, hour_id, place_id, day_id) VALUES (2, 2, 1, 2, 2, 1);
INSERT INTO schedules (teacher_id, subject_id, group_id, hour_id, place_id, day_id) VALUES (3, 3, 1, 1, 3, 2);
INSERT INTO schedules (teacher_id, subject_id, group_id, hour_id, place_id, day_id) VALUES (4, 4, 1, 2, 4, 2);
INSERT INTO schedules (teacher_id, subject_id, group_id, hour_id, place_id, day_id) VALUES (5, 5, 1, 1, 5, 3);
INSERT INTO schedules (teacher_id, subject_id, group_id, hour_id, place_id, day_id) VALUES (6, 6, 1, 2, 6, 3);
INSERT INTO schedules (teacher_id, subject_id, group_id, hour_id, place_id, day_id) VALUES (7, 7, 1, 1, 1, 4);
INSERT INTO schedules (teacher_id, subject_id, group_id, hour_id, place_id, day_id) VALUES (8, 8, 1, 2, 2, 4);
INSERT INTO schedules (teacher_id, subject_id, group_id, hour_id, place_id, day_id) VALUES (9, 9, 1, 1, 3, 5);
INSERT INTO schedules (teacher_id, subject_id, group_id, hour_id, place_id, day_id) VALUES (10, 10, 1, 2, 4, 5);
INSERT INTO schedules (teacher_id, subject_id, group_id, hour_id, place_id, day_id) VALUES (11, 11, 1, 1, 5, 7);
INSERT INTO schedules (teacher_id, subject_id, group_id, hour_id, place_id, day_id) VALUES (12, 12, 1, 2, 6, 7);
INSERT INTO schedules (teacher_id, subject_id, group_id, hour_id, place_id, day_id) VALUES (13, 13, 1, 1, 7, 8);
INSERT INTO schedules (teacher_id, subject_id, group_id, hour_id, place_id, day_id) VALUES (14, 14, 1, 2, 8, 8);
INSERT INTO schedules (teacher_id, subject_id, group_id, hour_id, place_id, day_id) VALUES (15, 15, 1, 1, 9, 9);
INSERT INTO schedules (teacher_id, subject_id, group_id, hour_id, place_id, day_id) VALUES (1, 1, 1, 2, 10, 9);
INSERT INTO schedules (teacher_id, subject_id, group_id, hour_id, place_id, day_id) VALUES (2, 2, 1, 1, 11, 10);
INSERT INTO schedules (teacher_id, subject_id, group_id, hour_id, place_id, day_id) VALUES (3, 3, 1, 2, 12, 10);
INSERT INTO schedules (teacher_id, subject_id, group_id, hour_id, place_id, day_id) VALUES (4, 4, 1, 1, 7, 11);
INSERT INTO schedules (teacher_id, subject_id, group_id, hour_id, place_id, day_id) VALUES (5, 5, 1, 2, 8, 11);
INSERT INTO schedules (teacher_id, subject_id, group_id, hour_id, place_id, day_id) VALUES (2, 1, 2, 3, 9, 1);
INSERT INTO schedules (teacher_id, subject_id, group_id, hour_id, place_id, day_id) VALUES (3, 2, 2, 4, 10, 1);
INSERT INTO schedules (teacher_id, subject_id, group_id, hour_id, place_id, day_id) VALUES (4, 3, 2, 3, 11, 2);
INSERT INTO schedules (teacher_id, subject_id, group_id, hour_id, place_id, day_id) VALUES (5, 4, 2, 4, 12, 2);
INSERT INTO schedules (teacher_id, subject_id, group_id, hour_id, place_id, day_id) VALUES (6, 5, 2, 3, 13, 3);
INSERT INTO schedules (teacher_id, subject_id, group_id, hour_id, place_id, day_id) VALUES (7, 6, 2, 4, 14, 3);
INSERT INTO schedules (teacher_id, subject_id, group_id, hour_id, place_id, day_id) VALUES (8, 7, 2, 3, 15, 4);
INSERT INTO schedules (teacher_id, subject_id, group_id, hour_id, place_id, day_id) VALUES (9, 8, 2, 4, 16, 4);
INSERT INTO schedules (teacher_id, subject_id, group_id, hour_id, place_id, day_id) VALUES (10, 9, 2, 3, 17, 5);
INSERT INTO schedules (teacher_id, subject_id, group_id, hour_id, place_id, day_id) VALUES (11, 10, 2, 4, 18, 5);
INSERT INTO schedules (teacher_id, subject_id, group_id, hour_id, place_id, day_id) VALUES (12, 11, 2, 3, 13, 7);
INSERT INTO schedules (teacher_id, subject_id, group_id, hour_id, place_id, day_id) VALUES (13, 12, 2, 4, 14, 7);
INSERT INTO schedules (teacher_id, subject_id, group_id, hour_id, place_id, day_id) VALUES (14, 13, 2, 3, 15, 8);
INSERT INTO schedules (teacher_id, subject_id, group_id, hour_id, place_id, day_id) VALUES (15, 14, 2, 4, 16, 8);
INSERT INTO schedules (teacher_id, subject_id, group_id, hour_id, place_id, day_id) VALUES (1, 15, 2, 3, 17, 9);
INSERT INTO schedules (teacher_id, subject_id, group_id, hour_id, place_id, day_id) VALUES (1, 2, 2, 4, 18, 9);
INSERT INTO schedules (teacher_id, subject_id, group_id, hour_id, place_id, day_id) VALUES (2, 3, 2, 3, 17, 10);
INSERT INTO schedules (teacher_id, subject_id, group_id, hour_id, place_id, day_id) VALUES (3, 4, 2, 4, 16, 10);
INSERT INTO schedules (teacher_id, subject_id, group_id, hour_id, place_id, day_id) VALUES (4, 5, 2, 3, 15, 11);
INSERT INTO schedules (teacher_id, subject_id, group_id, hour_id, place_id, day_id) VALUES (5, 6, 2, 4, 14, 11);
INSERT INTO schedules (teacher_id, subject_id, group_id, hour_id, place_id, day_id) VALUES (6, 1, 3, 5, 13, 1);
INSERT INTO schedules (teacher_id, subject_id, group_id, hour_id, place_id, day_id) VALUES (7, 2, 3, 1, 12, 1);
INSERT INTO schedules (teacher_id, subject_id, group_id, hour_id, place_id, day_id) VALUES (8, 3, 3, 5, 11, 2);
INSERT INTO schedules (teacher_id, subject_id, group_id, hour_id, place_id, day_id) VALUES (9, 4, 3, 1, 10, 2);
INSERT INTO schedules (teacher_id, subject_id, group_id, hour_id, place_id, day_id) VALUES (10, 5, 3, 5, 9, 3);
INSERT INTO schedules (teacher_id, subject_id, group_id, hour_id, place_id, day_id) VALUES (11, 6, 3, 1, 18, 3);
INSERT INTO schedules (teacher_id, subject_id, group_id, hour_id, place_id, day_id) VALUES (12, 7, 3, 5, 8, 4);
INSERT INTO schedules (teacher_id, subject_id, group_id, hour_id, place_id, day_id) VALUES (13, 8, 3, 1, 7, 4);
INSERT INTO schedules (teacher_id, subject_id, group_id, hour_id, place_id, day_id) VALUES (14, 9, 3, 5, 6, 5);
INSERT INTO schedules (teacher_id, subject_id, group_id, hour_id, place_id, day_id) VALUES (15, 10, 3, 1, 5, 5);
INSERT INTO schedules (teacher_id, subject_id, group_id, hour_id, place_id, day_id) VALUES (1, 11, 3, 5, 4, 7);
INSERT INTO schedules (teacher_id, subject_id, group_id, hour_id, place_id, day_id) VALUES (2, 12, 3, 1, 3, 7);
INSERT INTO schedules (teacher_id, subject_id, group_id, hour_id, place_id, day_id) VALUES (3, 13, 3, 5, 2, 8);
INSERT INTO schedules (teacher_id, subject_id, group_id, hour_id, place_id, day_id) VALUES (4, 14, 3, 1, 1, 8);
INSERT INTO schedules (teacher_id, subject_id, group_id, hour_id, place_id, day_id) VALUES (5, 15, 3, 5, 2, 9);
INSERT INTO schedules (teacher_id, subject_id, group_id, hour_id, place_id, day_id) VALUES (6, 1, 3, 1, 3, 9);
INSERT INTO schedules (teacher_id, subject_id, group_id, hour_id, place_id, day_id) VALUES (7, 2, 3, 5, 4, 10);
INSERT INTO schedules (teacher_id, subject_id, group_id, hour_id, place_id, day_id) VALUES (8, 3, 3, 1, 5, 10);
INSERT INTO schedules (teacher_id, subject_id, group_id, hour_id, place_id, day_id) VALUES (9, 4, 3, 5, 6, 11);
INSERT INTO schedules (teacher_id, subject_id, group_id, hour_id, place_id, day_id) VALUES (10, 5, 3, 1, 7, 11);

insert into practices (id, name, course, place, position, page, student_id) values (1, 'Voltsillam', 4, '29 Hermina Avenue', '1 Welch Avenue', '1', 41);
insert into practices (id, name, course, place, position, page, student_id) values (2, 'Gembucket', 4, '8502 Kingsford Crossing', '1669 Rowland Trail', '1', 42);
insert into practices (id, name, course, place, position, page, student_id) values (3, 'Transcof', 4, '81 Michigan Circle', '8648 Buena Vista Alley', '1', 43);
insert into practices (id, name, course, place, position, page, student_id) values (4, 'Regrant', 4, '21357 Boyd Center', '15 Utah Place', '1', 44);
insert into practices (id, name, course, place, position, page, student_id) values (5, 'Konklux', 4, '28 Mcbride Place', '06 Hanover Street', '1', 45);
insert into practices (id, name, course, place, position, page, student_id) values (6, 'Kanlam', 4, '2 Cascade Alley', '48069 Clove Pass', '1', 46);
insert into practices (id, name, course, place, position, page, student_id) values (7, 'Sonsing', 4, '56340 Bayside Place', '57919 Independence Avenue', '1', 47);
insert into practices (id, name, course, place, position, page, student_id) values (8, 'Stim', 4, '29 Artisan Trail', '302 Kenwood Way', '1', 48);
insert into practices (id, name, course, place, position, page, student_id) values (9, 'Stringtough', 4, '38 Mockingbird Court', '1204 Mayfield Drive', '1', 49);
insert into practices (id, name, course, place, position, page, student_id) values (10, 'Asoka', 4, '53792 Schlimgen Circle', '9155 Roxbury Point', '1', 50);
insert into practices (id, name, course, place, position, page, student_id) values (11, 'Bytecard', 4, '45424 Dottie Way', '402 Emmet Plaza', '1', 51);
insert into practices (id, name, course, place, position, page, student_id) values (12, 'Bitwolf', 4, '849 Gerald Court', '29 Mifflin Avenue', '1', 52);
insert into practices (id, name, course, place, position, page, student_id) values (13, 'Fixflex', 4, '018 Stang Avenue', '372 Melrose Place', '1', 53);
insert into practices (id, name, course, place, position, page, student_id) values (14, 'Fix San', 4, '516 Anthes Park', '30752 Sutherland Pass', '1', 54);
insert into practices (id, name, course, place, position, page, student_id) values (15, 'Latlux', 4, '8 Golf Course Avenue', '25363 Morningstar Drive', '1', 55);
insert into practices (id, name, course, place, position, page, student_id) values (16, 'Veribet', 4, '25363 Coleman Alley', '53201 Maywood Pass', '1', 56);
insert into practices (id, name, course, place, position, page, student_id) values (17, 'Tempsoft', 4, '1 Oak Plaza', '468 Old Shore Park', '1', 57);
insert into practices (id, name, course, place, position, page, student_id) values (18, 'Bigtax', 4, '59695 Hudson Plaza', '9 Maple Pass', '1', 58);
insert into practices (id, name, course, place, position, page, student_id) values (19, 'Aerified', 4, '30 Johnson Hill', '9 Dottie Alley', '1', 59);
insert into practices (id, name, course, place, position, page, student_id) values (20, 'Zathin', 4, '27 Park Meadow Hill', '9098 Chive Road', '1', 60);


  insert into students_authentications (id, login, password, student_id) values (1, '82urvuSN', 'tHh3hg', 1);
  insert into students_authentications (id, login, password, student_id) values (2, 'd4MYIe', 'PY4jNI99L', 2);
  insert into students_authentications (id, login, password, student_id) values (3, 'hkSEgmONP', 'IpBbFi1gC', 3);
  insert into students_authentications (id, login, password, student_id) values (4, 'rGgXKr', '77s7VCGFOg5', 4);
  insert into students_authentications (id, login, password, student_id) values (5, 'sT5EpQzG', 'CQF8xSSJFl', 5);
  insert into students_authentications (id, login, password, student_id) values (6, 'XuBq266rzh4s', 'f80LHQPnaJEq', 6);
  insert into students_authentications (id, login, password, student_id) values (7, 'bOhK028P', 'j8rW963', 7);
  insert into students_authentications (id, login, password, student_id) values (8, '6u5yeW1ctLpR', 'yjh2tZYy', 8);
  insert into students_authentications (id, login, password, student_id) values (9, 'pX8SzQYg', 'WdpuWi10', 9);
  insert into students_authentications (id, login, password, student_id) values (10, 'qqnwn0D', 'OWRuoybLPYL', 10);
  insert into students_authentications (id, login, password, student_id) values (11, 'A8qeDXw9', '0MKNvo', 11);
  insert into students_authentications (id, login, password, student_id) values (12, 'qmjDuCYkga4A', 'go3Ix7', 12);
  insert into students_authentications (id, login, password, student_id) values (13, 'KvAEw8TVx2s', '0mtesgQd', 13);
  insert into students_authentications (id, login, password, student_id) values (14, 'QZFa88494XR', 'gRcGGA51n4xr', 14);
  insert into students_authentications (id, login, password, student_id) values (15, 'T99X6xMnJnp', 'C2fcpzfbM', 15);
    insert into students_authentications (id, login, password, student_id) values (16, 'OPqUcsFcEKa', '8DAfwsxR', 16);
    insert into students_authentications (id, login, password, student_id) values (17, 'AXygqvf', 'vErInc', 17);
    insert into students_authentications (id, login, password, student_id) values (18, 'qBf7Nh', 'ad5RTAnwe', 18);
    insert into students_authentications (id, login, password, student_id) values (19, 'xFsQOa', '7O0gjaWcnO', 19);
    insert into students_authentications (id, login, password, student_id) values (20, '5r5H8A', 'QTDDH4', 20);
    insert into students_authentications (id, login, password, student_id) values (21, 'paRBiA', 'x4LsOm0yaAT0', 21);
    insert into students_authentications (id, login, password, student_id) values (22, '4DY9sYm1AQSd', 'f5L1Mfk', 22);
    insert into students_authentications (id, login, password, student_id) values (23, 'dCrkPZy0LQft', 'TGdVIN2', 23);
    insert into students_authentications (id, login, password, student_id) values (24, '1r1lq6rbGjN4', 'x1Z6T4P8Eyaj', 24);
    insert into students_authentications (id, login, password, student_id) values (25, 'rYjukLRQG2jS', 'KzL8wC', 25);
    insert into students_authentications (id, login, password, student_id) values (26, 'pettR9Ubt', 'yBNQNZhhZHh', 26);
    insert into students_authentications (id, login, password, student_id) values (27, '9XS5TXXIF', 'RW6Kl2bVUC0', 27);
    insert into students_authentications (id, login, password, student_id) values (28, 'by1DCpmV', 'qZH6GwR9', 28);
    insert into students_authentications (id, login, password, student_id) values (29, '1vPzgX', 'eD7RZ1F', 29);
    insert into students_authentications (id, login, password, student_id) values (30, 'aTehAvn5', 'VVO5Gfxd', 30);
    insert into students_authentications (id, login, password, student_id) values (31, 'XR2G40O', 'ffvpSv', 31);
    insert into students_authentications (id, login, password, student_id) values (32, 'yMSJlLMR1B', 'hEi8ZnD', 32);
    insert into students_authentications (id, login, password, student_id) values (33, 'q4TdkEdB', 'PCWjeoz', 33);
    insert into students_authentications (id, login, password, student_id) values (34, 'aLPrzS1', 'HAKlo1M', 34);
    insert into students_authentications (id, login, password, student_id) values (35, 'pXmcd9fKG26', 'fZz1HcopHu8', 35);
    insert into students_authentications (id, login, password, student_id) values (36, '04UkfNnX8UZ8', 'xm9aVlGd', 36);
    insert into students_authentications (id, login, password, student_id) values (37, 'iGxveJzQObzX', 'qZsSX6cLyYF', 37);
    insert into students_authentications (id, login, password, student_id) values (38, '2RN9VqQjd6bT', 'QriBmJOhN3wr', 38);
    insert into students_authentications (id, login, password, student_id) values (39, 'uV6bnDNf', 'Iyvv5TP', 39);
    insert into students_authentications (id, login, password, student_id) values (40, 'rTzgpNdC', 'cOJ97DJ8UCR9', 40);
    insert into students_authentications (id, login, password, student_id) values (41, 'fxtXylQPD', 'QQT3Q1wNDzl', 41);
    insert into students_authentications (id, login, password, student_id) values (42, 'Rwh2mxL', '9DEgva', 42);
    insert into students_authentications (id, login, password, student_id) values (43, 'SLw696', 'FOGtEO', 43);
    insert into students_authentications (id, login, password, student_id) values (44, 'YFiAUypK42tv', '2lMduZIt', 44);
    insert into students_authentications (id, login, password, student_id) values (45, 'S2fXPE', 'dgZf2Qv40', 45);
    insert into students_authentications (id, login, password, student_id) values (46, 'hw7NpeCAxa', '435IHE0rP2C', 46);
    insert into students_authentications (id, login, password, student_id) values (47, 'lGWcpjv4a', 'gygl1nh', 47);
    insert into students_authentications (id, login, password, student_id) values (48, 'saBKV90', 'r0fCQXk', 48);
    insert into students_authentications (id, login, password, student_id) values (49, '1p71kBb', '4dOQw0UB2Xf', 49);
    insert into students_authentications (id, login, password, student_id) values (50, 'y7HD1p3VXyh', '8ynNaUL9u4iE', 50);
    insert into students_authentications (id, login, password, student_id) values (51, 'kiLhRR4H', 'Q42DZ0wq4', 51);
    insert into students_authentications (id, login, password, student_id) values (52, '5EfgifHHcf1', 'IBfsYIXv', 52);
    insert into students_authentications (id, login, password, student_id) values (53, '2Vz20d', 'xksLjbj', 53);
    insert into students_authentications (id, login, password, student_id) values (54, 'OPYqD3PTi', 'S8wWLim', 54);
    insert into students_authentications (id, login, password, student_id) values (55, 'W1yfzb', '1a3vZIXyC', 55);
    insert into students_authentications (id, login, password, student_id) values (56, '2u1sE2', 'VHoGi80PRT', 56);
    insert into students_authentications (id, login, password, student_id) values (57, 'QDzC4QT1Uw4O', 'UPcFOorM', 57);
    insert into students_authentications (id, login, password, student_id) values (58, '3smThpd', 'FQFGFqZS', 58);
    insert into students_authentications (id, login, password, student_id) values (59, 'SvfbAsWR', 'xg8yUAz', 59);
    insert into students_authentications (id, login, password, student_id) values (60, '0YZNic', 'rGkPzY', 60);

insert into students_emails (id, email, sign, student_id) values (1, 'bfurlow0@wikia.com', 'Nam nulla.', 1);
insert into students_emails (id, email, sign, student_id) values (2, 'escardifeild1@macromedia.com', 'Morbi a ipsum.', 2);
insert into students_emails (id, email, sign, student_id) values (3, 'cwitson2@feedburner.com', 'Cras mi pede, ma', 3);
insert into students_emails (id, email, sign, student_id) values (4, 'ijakubczyk3@craigslist.org', 'Cras nt velit.', 4);
insert into students_emails (id, email, sign, student_id) values (5, 'tstivens4@nydailynews.com', 'Mauris sit ame.', 5);
insert into students_emails (id, email, sign, student_id) values (6, 'bgreder5@virginia.edu', 'Proin eu mi.', 6);
insert into students_emails (id, email, sign, student_id) values (7, 'bbenoey6@liveinternet.ru', 'In eleifemst.', 7);
insert into students_emails (id, email, sign, student_id) values (8, 'lscipsey7@cloudflare.com', 'Donec ntum.', 8);
insert into students_emails (id, email, sign, student_id) values (9, 'rbeddoes8@usatoday.com', 'Mauris sios.', 9);
insert into students_emails (id, email, sign, student_id) values (10, 'rstangoe9@360.cn', 'Mauri turpis.', 10);
insert into students_emails (id, email, sign, student_id) values (11, 'cflorisa@elegantthemes.com', 'Nulla tempus.', 11);
insert into students_emails (id, email, sign, student_id) values (12, 'ascarlonb@whitehouse.gov', 'Vivamulum.', 12);
insert into students_emails (id, email, sign, student_id) values (13, 'gkainec@discuz.net', 'Etiam justusto.', 13);
insert into students_emails (id, email, sign, student_id) values (14, 'tdowardd@thetimes.co.uk', 'Nunc rhonittis.', 14);
insert into students_emails (id, email, sign, student_id) values (15, 'kbeardwoode@eventbrite.com', 'In haumst.', 15);

  insert into students_phones (id, phone_number, sign, student_id) values (1, '2577255901', 'Mauris lacro.', 1);
  insert into students_phones (id, phone_number, sign, student_id) values (2, '8634978955', 'Vestib vel est.', 12);
  insert into students_phones (id, phone_number, sign, student_id) values (3, '5697389845', 'Praesennia.', 3);
  insert into students_phones (id, phone_number, sign, student_id) values (4, '7732897251', 'Vestibeque.', 4);
  insert into students_phones (id, phone_number, sign, student_id) values (5, '7555130614', 'Vestapiennon mi.', 5);
  insert into students_phones (id, phone_number, sign, student_id) values (6, '3235004522', 'Vestibuluante.', 6);
  insert into students_phones (id, phone_number, sign, student_id) values (7, '9874856840', 'Suspendissurpis.', 7);
  insert into students_phones (id, phone_number, sign, student_id) values (8, '3042557613', 'Proin itrices.', 8);
  insert into students_phones (id, phone_number, sign, student_id) values (9, '9981230978', 'Proin leelis.', 9);
  insert into students_phones (id, phone_number, sign, student_id) values (10, '4286105387', 'Nam nullede.', 10);
  insert into students_phones (id, phone_number, sign, student_id) values (11, '6057602288', 'Donec dimis n mi.', 11);
  insert into students_phones (id, phone_number, sign, student_id) values (12, '4751315589', 'Vivamuisl.', 12);
  insert into students_phones (id, phone_number, sign, student_id) values (13, '2503977840', 'Nam pede.', 13);
  insert into students_phones (id, phone_number, sign, student_id) values (14, '4189328005', 'Cras pellentui.', 14);
  insert into students_phones (id, phone_number, sign, student_id) values (15, '6488570516', 'Proin aummy.', 15);

insert into degreeprojects (id, topic, project_submission_date, protection_date, mark100, markwords, notes, date_end, honors, from_date, page, student_id) values (1, 'Lotlux', '2019-09-30', '2021-09-16', 99, '1', 'Pellentesque eget nunc. Donec quis orci eget orci vehicula condimentum.', '2020-09-04', 'Alfa Yankee Whiskey Delta X-ray Mike Foxtrot Papa Romeo Bravo Juliett Hotel India Oscar Tango Charlie Kilo Sierra', '2021-09-02', '1', 41);
insert into degreeprojects (id, topic, project_submission_date, protection_date, mark100, markwords, notes, date_end, honors, from_date, page, student_id) values (2, 'Zoolab', '2019-09-19', '2021-09-10', 94, '1', 'Aliquam non mauris.', '2020-09-11', 'Mike Hotel Yankee Delta Juliett Bravo Zulu X-ray Alfa Papa November', '2021-09-27', '1', 42);
insert into degreeprojects (id, topic, project_submission_date, protection_date, mark100, markwords, notes, date_end, honors, from_date, page, student_id) values (3, 'Zathin', '2019-09-18', '2021-09-21', 60, '1', 'Vestibulum ante ipsum primis in faucibus orci luctus et ultrices posuere cubilia Curae; Donec pharetra, magna vestibulum aliquet ultrices, erat tortor sollicitudin mi, sit amet lobortis sapien sapien non mi.', '2020-09-12', 'Lima Victor November Delta Zulu Yankee Mike Charlie Quebec Alfa', '2021-09-09', '1', 43);
insert into degreeprojects (id, topic, project_submission_date, protection_date, mark100, markwords, notes, date_end, honors, from_date, page, student_id) values (4, 'Prodder', '2019-09-20', '2021-09-23', 78, '1', 'Vivamus in felis eu sapien cursus vestibulum.', '2020-09-08', 'Juliett Golf Mike Yankee Victor Lima India Foxtrot Hotel Tango Echo Quebec Bravo November', '2021-09-21', '1', 44);
insert into degreeprojects (id, topic, project_submission_date, protection_date, mark100, markwords, notes, date_end, honors, from_date, page, student_id) values (5, 'Kanlam', '2019-09-09', '2021-09-02', 64, '1', 'Sed ante.', '2020-09-23', 'Lima Zulu Quebec Golf Bravo Alfa Sierra Victor Juliett Romeo Yankee Echo Whiskey', '2021-09-22', '1', 45);
insert into degreeprojects (id, topic, project_submission_date, protection_date, mark100, markwords, notes, date_end, honors, from_date, page, student_id) values (6, 'Alphazap', '2019-09-28', '2021-09-14', 87, '1', 'Duis at velit eu est congue elementum. In hac habitasse platea dictumst. Morbi vestibulum, velit id pretium iaculis, diam erat fermentum justo, nec condimentum neque sapien placerat ante.', '2020-09-29', 'Whiskey Tango Delta Uniform Alfa Bravo Charlie Victor Oscar Kilo Mike Foxtrot Quebec Sierra Lima Echo Zulu Hotel Yankee', '2021-09-19', '1', 46);
insert into degreeprojects (id, topic, project_submission_date, protection_date, mark100, markwords, notes, date_end, honors, from_date, page, student_id) values (7, 'Rank', '2019-09-29', '2021-09-06', 77, '1', 'Lorem ipsum dolor sit amet, consectetuer adipiscing elit.', '2020-09-11', 'Uniform Alfa Hotel Whiskey Delta Zulu X-ray Echo Juliett Oscar Golf Bravo Papa Sierra Victor Foxtrot Romeo Lima November', '2021-09-21', '1', 47);
insert into degreeprojects (id, topic, project_submission_date, protection_date, mark100, markwords, notes, date_end, honors, from_date, page, student_id) values (8, 'Zontrax', '2019-09-21', '2021-09-12', 64, '1', 'Donec odio justo, sollicitudin ut, suscipit a, feugiat et, eros.', '2020-09-03', 'Kilo Alfa Oscar Romeo Lima Golf November Charlie India Papa Hotel Victor Uniform Quebec', '2021-09-05', '1', 48);
insert into degreeprojects (id, topic, project_submission_date, protection_date, mark100, markwords, notes, date_end, honors, from_date, page, student_id) values (9, 'Y-find', '2019-09-12', '2021-09-25', 65, '1', 'Nulla facilisi. Cras non velit nec nisi vulputate nonummy.', '2020-09-15', 'November Mike Charlie Tango Papa Alfa Zulu Whiskey Echo India Uniform Delta Bravo Victor', '2021-09-18', '1', 49);
insert into degreeprojects (id, topic, project_submission_date, protection_date, mark100, markwords, notes, date_end, honors, from_date, page, student_id) values (10, 'Hatity', '2019-09-29', '2021-09-03', 64, '1', 'In hac habitasse platea dictumst.', '2020-09-20', 'Hotel Papa Sierra Quebec Golf Uniform Victor Lima Foxtrot X-ray Juliett Whiskey Yankee Mike Echo Bravo Zulu Alfa India Romeo', '2021-09-30', '1', 50);
insert into degreeprojects (id, topic, project_submission_date, protection_date, mark100, markwords, notes, date_end, honors, from_date, page, student_id) values (11, 'Cardguard', '2019-09-27', '2021-09-02', 69, '1', 'Vivamus vel nulla eget eros elementum pellentesque. Quisque porta volutpat erat. Quisque erat eros, viverra eget, congue eget, semper rutrum, nulla.', '2020-09-23', 'Bravo Hotel Tango Whiskey Papa Oscar Lima India Victor Romeo Yankee Foxtrot Juliett Alfa Charlie Golf Delta', '2021-09-16', '1', 51);
insert into degreeprojects (id, topic, project_submission_date, protection_date, mark100, markwords, notes, date_end, honors, from_date, page, student_id) values (12, 'Bitwolf', '2019-09-01', '2021-09-01', 84, '1', 'Praesent id massa id nisl venenatis lacinia. Aenean sit amet justo. Morbi ut odio.', '2020-09-27', 'Charlie Alfa Whiskey Delta Zulu Kilo Hotel Juliett Echo Golf November Romeo Quebec Yankee Tango India', '2021-09-13', '1', 52);
insert into degreeprojects (id, topic, project_submission_date, protection_date, mark100, markwords, notes, date_end, honors, from_date, page, student_id) values (13, 'Redhold', '2019-09-09', '2021-09-24', 100, '1', 'Mauris ullamcorper purus sit amet nulla. Quisque arcu libero, rutrum ac, lobortis vel, dapibus at, diam. Nam tristique tortor eu pede.', '2020-09-09', 'Romeo Kilo Foxtrot Echo Delta Papa Hotel Sierra Mike Alfa Oscar Zulu Charlie Quebec November India Yankee Lima Golf Bravo', '2021-09-21', '1', 53);
insert into degreeprojects (id, topic, project_submission_date, protection_date, mark100, markwords, notes, date_end, honors, from_date, page, student_id) values (14, 'Konklux', '2019-09-26', '2021-09-25', 69, '1', 'In hac habitasse platea dictumst.', '2020-09-23', 'Romeo Alfa November Echo Sierra India Quebec Victor X-ray Juliett Kilo Bravo Uniform Hotel', '2021-09-02', '1', 54);
insert into degreeprojects (id, topic, project_submission_date, protection_date, mark100, markwords, notes, date_end, honors, from_date, page, student_id) values (15, 'Hatity', '2019-09-11', '2021-09-01', 68, '1', 'Maecenas tristique, est et tempus semper, est quam pharetra magna, ac consequat metus sapien ut nunc. Vestibulum ante ipsum primis in faucibus orci luctus et ultrices posuere cubilia Curae; Mauris viverra diam vitae quam. Suspendisse potenti.', '2020-09-14', 'Echo Bravo Golf Uniform Foxtrot Kilo Juliett Yankee Romeo Hotel Sierra Whiskey November', '2021-09-10', '1', 55);
insert into degreeprojects (id, topic, project_submission_date, protection_date, mark100, markwords, notes, date_end, honors, from_date, page, student_id) values (16, 'Viva', '2019-09-03', '2021-09-01', 81, '1', 'Aliquam augue quam, sollicitudin vitae, consectetuer eget, rutrum at, lorem.', '2020-09-13', 'Oscar Golf Quebec Papa Kilo Juliett Yankee Uniform Romeo Delta Mike', '2021-09-15', '1', 56);
insert into degreeprojects (id, topic, project_submission_date, protection_date, mark100, markwords, notes, date_end, honors, from_date, page, student_id) values (17, 'Quo Lux', '2019-09-27', '2021-09-17', 62, '1', 'Proin eu mi. Nulla ac enim.', '2020-09-05', 'Mike Uniform Lima Hotel Foxtrot Tango Quebec Delta Charlie Echo Alfa Yankee Kilo Sierra', '2021-09-09', '1', 57);
insert into degreeprojects (id, topic, project_submission_date, protection_date, mark100, markwords, notes, date_end, honors, from_date, page, student_id) values (18, 'Zoolab', '2019-09-19', '2021-09-07', 61, '1', 'Etiam faucibus cursus urna.', '2020-09-30', 'Bravo Sierra Whiskey Charlie Lima Alfa Victor Kilo India Golf Oscar Uniform X-ray Romeo Papa Quebec Foxtrot Zulu', '2021-09-06', '1', 58);
insert into degreeprojects (id, topic, project_submission_date, protection_date, mark100, markwords, notes, date_end, honors, from_date, page, student_id) values (19, 'Ventosanzap', '2019-09-27', '2021-09-29', 84, '1', 'Phasellus sit amet erat. Nulla tempus. Vivamus in felis eu sapien cursus vestibulum.', '2020-09-08', 'Golf Tango Alfa Hotel Uniform Mike Delta Romeo Yankee Echo Bravo X-ray Sierra Juliett Lima Oscar Papa Whiskey', '2021-09-22', '1', 59);
insert into degreeprojects (id, topic, project_submission_date, protection_date, mark100, markwords, notes, date_end, honors, from_date, page, student_id) values (20, 'Pannier', '2019-09-25', '2021-09-08', 65, '1', 'Sed accumsan felis. Ut at dolor quis odio consequat varius. Integer ac leo.', '2020-09-11', 'Delta Golf Papa Juliett Bravo November Lima Echo Zulu X-ray Uniform', '2021-09-03', '1', 60);


  insert into evaluations (id, mark100, markword, certification_form, assessment_date, study_semester, beginning_semester, end_semester, student_id, subject_id, teacher_id) values (1, 68, '1', 'examination', '2020-12-26', 1, '2020-09-01', '2021-07-24', 1, 1, 1);
  insert into evaluations (id, mark100, markword, certification_form, assessment_date, study_semester, beginning_semester, end_semester, student_id, subject_id, teacher_id) values (2, 88, '1', 'examination', '2020-12-26', 1, '2020-09-01', '2021-01-21', 2, 1, 1);
  insert into evaluations (id, mark100, markword, certification_form, assessment_date, study_semester, beginning_semester, end_semester, student_id, subject_id, teacher_id) values (3, 79, '1', 'examination', '2020-12-26', 1, '2020-09-01', '2021-10-27', 3, 1, 1);
  insert into evaluations (id, mark100, markword, certification_form, assessment_date, study_semester, beginning_semester, end_semester, student_id, subject_id, teacher_id) values (4, 83, '1', 'examination', '2020-12-26', 1, '2020-09-01', '2021-05-10', 4, 1, 1);
  insert into evaluations (id, mark100, markword, certification_form, assessment_date, study_semester, beginning_semester, end_semester, student_id, subject_id, teacher_id) values (5, 84, '1', 'examination', '2020-12-26', 1, '2020-09-01', '2021-09-24', 5, 1, 1);
  insert into evaluations (id, mark100, markword, certification_form, assessment_date, study_semester, beginning_semester, end_semester, student_id, subject_id, teacher_id) values (6, 81, '1', 'examination', '2020-12-26', 1, '2020-09-01', '2021-03-16', 6, 1, 1);
  insert into evaluations (id, mark100, markword, certification_form, assessment_date, study_semester, beginning_semester, end_semester, student_id, subject_id, teacher_id) values (7, 78, '1', 'examination', '2020-12-26', 1, '2020-09-01', '2021-07-26', 7, 1, 1);
  insert into evaluations (id, mark100, markword, certification_form, assessment_date, study_semester, beginning_semester, end_semester, student_id, subject_id, teacher_id) values (8, 95, '1', 'examination', '2020-12-26', 1, '2020-09-01', '2021-10-31', 8, 1, 1);
  insert into evaluations (id, mark100, markword, certification_form, assessment_date, study_semester, beginning_semester, end_semester, student_id, subject_id, teacher_id) values (9, 98, '1', 'examination', '2020-12-26', 1, '2020-09-01', '2021-10-23', 9, 1, 1);
  insert into evaluations (id, mark100, markword, certification_form, assessment_date, study_semester, beginning_semester, end_semester, student_id, subject_id, teacher_id) values (10, 77, '1', 'examination', '2020-12-26', 1, '2020-09-01', '2021-04-30', 10, 1, 1);
  insert into evaluations (id, mark100, markword, certification_form, assessment_date, study_semester, beginning_semester, end_semester, student_id, subject_id, teacher_id) values (11, 84, '1', 'examination', '2020-12-26', 1, '2020-09-01', '2021-07-17', 11, 1, 1);
  insert into evaluations (id, mark100, markword, certification_form, assessment_date, study_semester, beginning_semester, end_semester, student_id, subject_id, teacher_id) values (12, 70, '1', 'examination', '2020-12-26', 1, '2020-09-01', '2021-06-15', 12, 1, 1);
  insert into evaluations (id, mark100, markword, certification_form, assessment_date, study_semester, beginning_semester, end_semester, student_id, subject_id, teacher_id) values (13, 66, '1', 'examination', '2020-12-26', 1, '2020-09-01', '2021-06-23', 13, 1, 1);
  insert into evaluations (id, mark100, markword, certification_form, assessment_date, study_semester, beginning_semester, end_semester, student_id, subject_id, teacher_id) values (14, 62, '1', 'examination', '2020-12-26', 1, '2020-09-01', '2021-04-28', 14, 1, 1);
  insert into evaluations (id, mark100, markword, certification_form, assessment_date, study_semester, beginning_semester, end_semester, student_id, subject_id, teacher_id) values (15, 85, '1', 'examination', '2020-12-26', 1, '2020-09-01', '2021-05-15', 15, 1, 1);
  insert into evaluations (id, mark100, markword, certification_form, assessment_date, study_semester, beginning_semester, end_semester, student_id, subject_id, teacher_id) values (16, 99, '1', 'examination', '2020-12-26', 1, '2020-09-01', '2021-01-10', 16, 1, 1);
  insert into evaluations (id, mark100, markword, certification_form, assessment_date, study_semester, beginning_semester, end_semester, student_id, subject_id, teacher_id) values (17, 64, '1', 'examination', '2020-12-26', 1, '2020-09-01', '2021-07-15', 17, 1, 1);
  insert into evaluations (id, mark100, markword, certification_form, assessment_date, study_semester, beginning_semester, end_semester, student_id, subject_id, teacher_id) values (18, 72, '1', 'examination', '2020-12-26', 1, '2020-09-01', '2021-02-10', 18, 1, 1);
  insert into evaluations (id, mark100, markword, certification_form, assessment_date, study_semester, beginning_semester, end_semester, student_id, subject_id, teacher_id) values (19, 60, '1', 'examination', '2020-12-26', 1, '2020-09-01', '2021-03-14', 19, 1, 1);
  insert into evaluations (id, mark100, markword, certification_form, assessment_date, study_semester, beginning_semester, end_semester, student_id, subject_id, teacher_id) values (20, 85, '1', 'examination', '2020-12-26', 1, '2020-09-01', '2021-03-07', 20, 1, 1);
  insert into evaluations (id, mark100, markword, certification_form, assessment_date, study_semester, beginning_semester, end_semester, student_id, subject_id, teacher_id) values (21, 84, '1', 'examination', '2020-12-26', 1, '2020-09-01', '2021-01-18', 21, 2, 1);
  insert into evaluations (id, mark100, markword, certification_form, assessment_date, study_semester, beginning_semester, end_semester, student_id, subject_id, teacher_id) values (22, 65, '1', 'examination', '2020-12-26', 1, '2020-09-01', '2021-02-07', 22, 2, 1);
  insert into evaluations (id, mark100, markword, certification_form, assessment_date, study_semester, beginning_semester, end_semester, student_id, subject_id, teacher_id) values (23, 85, '1', 'examination', '2020-12-26', 1, '2020-09-01', '2021-07-10', 23, 2, 1);
  insert into evaluations (id, mark100, markword, certification_form, assessment_date, study_semester, beginning_semester, end_semester, student_id, subject_id, teacher_id) values (24, 67, '1', 'examination', '2020-12-26', 1, '2020-09-01', '2021-10-04', 24, 2, 1);
  insert into evaluations (id, mark100, markword, certification_form, assessment_date, study_semester, beginning_semester, end_semester, student_id, subject_id, teacher_id) values (25, 73, '1', 'examination', '2020-12-26', 1, '2020-09-01', '2021-05-04', 25, 2, 1);
  insert into evaluations (id, mark100, markword, certification_form, assessment_date, study_semester, beginning_semester, end_semester, student_id, subject_id, teacher_id) values (26, 74, '1', 'examination', '2020-12-26', 1, '2020-09-01', '2021-03-28', 26, 2, 1);
  insert into evaluations (id, mark100, markword, certification_form, assessment_date, study_semester, beginning_semester, end_semester, student_id, subject_id, teacher_id) values (27, 99, '1', 'examination', '2020-12-26', 1, '2020-09-01', '2021-07-23', 27, 2, 1);
  insert into evaluations (id, mark100, markword, certification_form, assessment_date, study_semester, beginning_semester, end_semester, student_id, subject_id, teacher_id) values (28, 75, '1', 'examination', '2020-12-26', 1, '2020-09-01', '2021-01-16', 28, 2, 1);
  insert into evaluations (id, mark100, markword, certification_form, assessment_date, study_semester, beginning_semester, end_semester, student_id, subject_id, teacher_id) values (29, 79, '1', 'examination', '2020-12-26', 1, '2020-09-01', '2021-06-08', 29, 2, 1);
  insert into evaluations (id, mark100, markword, certification_form, assessment_date, study_semester, beginning_semester, end_semester, student_id, subject_id, teacher_id) values (30, 97, '1', 'examination', '2020-12-26', 1, '2020-09-01', '2021-07-04', 30, 2, 1);
  insert into evaluations (id, mark100, markword, certification_form, assessment_date, study_semester, beginning_semester, end_semester, student_id, subject_id, teacher_id) values (31, 83, '1', 'examination', '2020-12-26', 1, '2020-09-01', '2021-10-16', 31, 2, 1);
  insert into evaluations (id, mark100, markword, certification_form, assessment_date, study_semester, beginning_semester, end_semester, student_id, subject_id, teacher_id) values (32, 67, '1', 'examination', '2020-12-26', 1, '2020-09-01', '2021-06-09', 32, 2, 1);
  insert into evaluations (id, mark100, markword, certification_form, assessment_date, study_semester, beginning_semester, end_semester, student_id, subject_id, teacher_id) values (33, 80, '1', 'examination', '2020-12-26', 1, '2020-09-01', '2021-09-24', 33, 2, 1);
  insert into evaluations (id, mark100, markword, certification_form, assessment_date, study_semester, beginning_semester, end_semester, student_id, subject_id, teacher_id) values (34, 66, '1', 'examination', '2020-12-26', 1, '2020-09-01', '2021-07-31', 34, 2, 1);
  insert into evaluations (id, mark100, markword, certification_form, assessment_date, study_semester, beginning_semester, end_semester, student_id, subject_id, teacher_id) values (35, 100, '1', 'examination', '2020-12-26', 1, '2020-09-01', '2021-04-07', 35, 2, 1);
  insert into evaluations (id, mark100, markword, certification_form, assessment_date, study_semester, beginning_semester, end_semester, student_id, subject_id, teacher_id) values (36, 78, '1', 'examination', '2020-12-26', 1, '2020-09-01', '2021-07-22', 36, 2, 1);
  insert into evaluations (id, mark100, markword, certification_form, assessment_date, study_semester, beginning_semester, end_semester, student_id, subject_id, teacher_id) values (37, 68, '1', 'examination', '2020-12-26', 1, '2020-09-01', '2021-05-02', 37, 2, 1);
  insert into evaluations (id, mark100, markword, certification_form, assessment_date, study_semester, beginning_semester, end_semester, student_id, subject_id, teacher_id) values (38, 81, '1', 'examination', '2020-12-26', 1, '2020-09-01', '2021-02-03', 38, 2, 1);
  insert into evaluations (id, mark100, markword, certification_form, assessment_date, study_semester, beginning_semester, end_semester, student_id, subject_id, teacher_id) values (39, 75, '1', 'examination', '2020-12-26', 1, '2020-09-01', '2021-07-20', 39, 2, 1);
  insert into evaluations (id, mark100, markword, certification_form, assessment_date, study_semester, beginning_semester, end_semester, student_id, subject_id, teacher_id) values (40, 87, '1', 'examination', '2020-12-26', 1, '2020-09-01', '2021-09-06', 40, 2, 1);
    insert into evaluations (id, mark100, markword, certification_form, assessment_date, study_semester, beginning_semester, end_semester, student_id, subject_id, teacher_id) values (41, 77, '1', 'examination', '2020-12-26', 1, '2020-09-01', '2021-04-22', 41, 3, 1);
    insert into evaluations (id, mark100, markword, certification_form, assessment_date, study_semester, beginning_semester, end_semester, student_id, subject_id, teacher_id) values (42, 78, '1', 'examination', '2020-12-26', 1, '2020-09-01', '2021-07-17', 42, 3, 1);
    insert into evaluations (id, mark100, markword, certification_form, assessment_date, study_semester, beginning_semester, end_semester, student_id, subject_id, teacher_id) values (43, 94, '1', 'examination', '2020-12-26', 1, '2020-09-01', '2021-08-04', 43, 3, 1);
    insert into evaluations (id, mark100, markword, certification_form, assessment_date, study_semester, beginning_semester, end_semester, student_id, subject_id, teacher_id) values (44, 67, '1', 'examination', '2020-12-26', 1, '2020-09-01', '2021-07-17', 44, 3, 1);
    insert into evaluations (id, mark100, markword, certification_form, assessment_date, study_semester, beginning_semester, end_semester, student_id, subject_id, teacher_id) values (45, 93, '1', 'examination', '2020-12-26', 1, '2020-09-01', '2021-10-19', 45, 3, 1);
    insert into evaluations (id, mark100, markword, certification_form, assessment_date, study_semester, beginning_semester, end_semester, student_id, subject_id, teacher_id) values (46, 89, '1', 'examination', '2020-12-26', 1, '2020-09-01', '2021-04-30', 46, 3, 1);
    insert into evaluations (id, mark100, markword, certification_form, assessment_date, study_semester, beginning_semester, end_semester, student_id, subject_id, teacher_id) values (47, 63, '1', 'examination', '2020-12-26', 1, '2020-09-01', '2021-06-23', 47, 3, 1);
    insert into evaluations (id, mark100, markword, certification_form, assessment_date, study_semester, beginning_semester, end_semester, student_id, subject_id, teacher_id) values (48, 100, '1', 'examination', '2020-12-26', 1, '2020-09-01', '2021-08-27', 48, 3, 1);
    insert into evaluations (id, mark100, markword, certification_form, assessment_date, study_semester, beginning_semester, end_semester, student_id, subject_id, teacher_id) values (49, 64, '1', 'examination', '2020-12-26', 1, '2020-09-01', '2021-06-03', 49, 3, 1);
    insert into evaluations (id, mark100, markword, certification_form, assessment_date, study_semester, beginning_semester, end_semester, student_id, subject_id, teacher_id) values (50, 97, '1', 'examination', '2020-12-26', 1, '2020-09-01', '2021-01-21', 50, 3, 1);
    insert into evaluations (id, mark100, markword, certification_form, assessment_date, study_semester, beginning_semester, end_semester, student_id, subject_id, teacher_id) values (51, 96, '1', 'examination', '2020-12-26', 1, '2020-09-01', '2021-05-10', 51, 3, 1);
    insert into evaluations (id, mark100, markword, certification_form, assessment_date, study_semester, beginning_semester, end_semester, student_id, subject_id, teacher_id) values (52, 94, '1', 'examination', '2020-12-26', 1, '2020-09-01', '2021-03-15', 52, 3, 1);
    insert into evaluations (id, mark100, markword, certification_form, assessment_date, study_semester, beginning_semester, end_semester, student_id, subject_id, teacher_id) values (53, 100, '1', 'examination', '2020-12-26', 1, '2020-09-01', '2021-01-26', 53, 3, 1);
    insert into evaluations (id, mark100, markword, certification_form, assessment_date, study_semester, beginning_semester, end_semester, student_id, subject_id, teacher_id) values (54, 78, '1', 'examination', '2020-12-26', 1, '2020-09-01', '2021-01-08', 54, 3, 1);
    insert into evaluations (id, mark100, markword, certification_form, assessment_date, study_semester, beginning_semester, end_semester, student_id, subject_id, teacher_id) values (55, 100, '1', 'examination', '2020-12-26', 1, '2020-09-01', '2021-07-02', 55, 3, 1);
    insert into evaluations (id, mark100, markword, certification_form, assessment_date, study_semester, beginning_semester, end_semester, student_id, subject_id, teacher_id) values (56, 65, '1', 'examination', '2020-12-26', 1, '2020-09-01', '2021-04-15', 56, 3, 1);
    insert into evaluations (id, mark100, markword, certification_form, assessment_date, study_semester, beginning_semester, end_semester, student_id, subject_id, teacher_id) values (57, 93, '1', 'examination', '2020-12-26', 1, '2020-09-01', '2021-04-28', 57, 3, 1);
    insert into evaluations (id, mark100, markword, certification_form, assessment_date, study_semester, beginning_semester, end_semester, student_id, subject_id, teacher_id) values (58, 84, '1', 'examination', '2020-12-26', 1, '2020-09-01', '2021-06-27', 58, 3, 1);
    insert into evaluations (id, mark100, markword, certification_form, assessment_date, study_semester, beginning_semester, end_semester, student_id, subject_id, teacher_id) values (59, 89, '1', 'examination', '2020-12-26', 1, '2020-09-01', '2021-08-27', 59, 3, 1);
    insert into evaluations (id, mark100, markword, certification_form, assessment_date, study_semester, beginning_semester, end_semester, student_id, subject_id, teacher_id) values (60, 92, '1', 'examination', '2020-12-26', 1, '2020-09-01', '2021-02-10', 60, 3, 1);


insert into practicMarks (id, mark100, markwords, supervisor, draftingDate, beginData, finishData, practice_id) values (1, 100, '1', 'Simkins', '2021-12-26', '2020-09-01', '2021-05-29', 1);
insert into practicMarks (id, mark100, markwords, supervisor, draftingDate, beginData, finishData, practice_id) values (2, 95, '1', 'Rixon', '2021-12-26', '2020-09-01', '2021-03-16', 2);
insert into practicMarks (id, mark100, markwords, supervisor, draftingDate, beginData, finishData, practice_id) values (3, 94, '1', 'Coole', '2021-12-26', '2020-09-01', '2021-10-31', 3);
insert into practicMarks (id, mark100, markwords, supervisor, draftingDate, beginData, finishData, practice_id) values (4, 65, '1', 'Hirsch', '2021-12-26', '2020-09-01', '2021-08-12', 4);
insert into practicMarks (id, mark100, markwords, supervisor, draftingDate, beginData, finishData, practice_id) values (5, 73, '1', 'Poyner', '2021-12-26', '2020-09-01', '2021-10-26', 5);
insert into practicMarks (id, mark100, markwords, supervisor, draftingDate, beginData, finishData, practice_id) values (6, 66, '1', 'Dwelling', '2021-12-26', '2020-09-01', '2021-01-24', 6);
insert into practicMarks (id, mark100, markwords, supervisor, draftingDate, beginData, finishData, practice_id) values (7, 88, '1', 'Guwer', '2021-12-26', '2020-09-01', '2021-09-22', 7);
insert into practicMarks (id, mark100, markwords, supervisor, draftingDate, beginData, finishData, practice_id) values (8, 80, '1', 'Gorton', '2021-12-26', '2020-09-01', '2021-06-07', 8);
insert into practicMarks (id, mark100, markwords, supervisor, draftingDate, beginData, finishData, practice_id) values (9, 66, '1', 'Spawforth', '2021-12-26', '2020-09-01', '2021-09-03', 9);
insert into practicMarks (id, mark100, markwords, supervisor, draftingDate, beginData, finishData, practice_id) values (10, 98, '1', 'Sturdey', '2021-12-26', '2020-09-01', '2021-02-23', 10);
insert into practicMarks (id, mark100, markwords, supervisor, draftingDate, beginData, finishData, practice_id) values (11, 99, '1', 'Ashmole', '2021-12-26', '2020-09-01', '2021-09-12', 11);
insert into practicMarks (id, mark100, markwords, supervisor, draftingDate, beginData, finishData, practice_id) values (12, 67, '1', 'Bridle', '2021-12-26', '2020-09-01', '2021-04-06', 12);
insert into practicMarks (id, mark100, markwords, supervisor, draftingDate, beginData, finishData, practice_id) values (13, 74, '1', 'Philpot', '2021-12-26', '2020-09-01', '2021-07-15', 13);
insert into practicMarks (id, mark100, markwords, supervisor, draftingDate, beginData, finishData, practice_id) values (14, 76, '1', 'Mozzetti', '2021-12-26', '2020-09-01', '2021-06-23', 14);
insert into practicMarks (id, mark100, markwords, supervisor, draftingDate, beginData, finishData, practice_id) values (15, 77, '1', 'Stoyell', '2021-12-26', '2020-09-01', '2021-07-02', 15);
insert into practicMarks (id, mark100, markwords, supervisor, draftingDate, beginData, finishData, practice_id) values (16, 62, '1', 'Fountain', '2021-12-26', '2020-09-01', '2021-09-04', 16);
insert into practicMarks (id, mark100, markwords, supervisor, draftingDate, beginData, finishData, practice_id) values (17, 65, '1', 'Dyshart', '2021-12-26', '2020-09-01', '2021-08-16', 17);
insert into practicMarks (id, mark100, markwords, supervisor, draftingDate, beginData, finishData, practice_id) values (18, 98, '1', 'Crother', '2021-12-26', '2020-09-01', '2021-03-11', 18);
insert into practicMarks (id, mark100, markwords, supervisor, draftingDate, beginData, finishData, practice_id) values (19, 69, '1', 'Guilford', '2021-12-26', '2020-09-01', '2021-08-11', 19);
insert into practicMarks (id, mark100, markwords, supervisor, draftingDate, beginData, finishData, practice_id) values (20, 76, '1', 'Harbord', '2021-12-26', '2020-09-01', '2021-07-30', 20);


  insert into checked (id, teacher_status, teacher_id, degreeproject_id) values (1, 'first', 1, 1);
  insert into checked (id, teacher_status, teacher_id, degreeproject_id) values (2, 'first', 1, 2);
  insert into checked (id, teacher_status, teacher_id, degreeproject_id) values (3, 'first', 1, 3);
  insert into checked (id, teacher_status, teacher_id, degreeproject_id) values (4, 'first', 1, 4);
  insert into checked (id, teacher_status, teacher_id, degreeproject_id) values (5, 'first', 1, 5);
  insert into checked (id, teacher_status, teacher_id, degreeproject_id) values (6, 'first', 1, 6);
  insert into checked (id, teacher_status, teacher_id, degreeproject_id) values (7, 'first', 1, 7);
  insert into checked (id, teacher_status, teacher_id, degreeproject_id) values (8, 'first', 1, 8);
  insert into checked (id, teacher_status, teacher_id, degreeproject_id) values (9, 'first', 1, 9);
  insert into checked (id, teacher_status, teacher_id, degreeproject_id) values (10, 'first', 1, 10);
  insert into checked (id, teacher_status, teacher_id, degreeproject_id) values (11, 'first', 1, 11);
  insert into checked (id, teacher_status, teacher_id, degreeproject_id) values (12, 'first', 1, 12);
  insert into checked (id, teacher_status, teacher_id, degreeproject_id) values (13, 'first', 1, 13);
  insert into checked (id, teacher_status, teacher_id, degreeproject_id) values (14, 'first', 1, 14);
  insert into checked (id, teacher_status, teacher_id, degreeproject_id) values (15, 'first', 1, 15);
  insert into checked (id, teacher_status, teacher_id, degreeproject_id) values (16, 'first', 1, 16);
  insert into checked (id, teacher_status, teacher_id, degreeproject_id) values (17, 'first', 1, 17);
  insert into checked (id, teacher_status, teacher_id, degreeproject_id) values (18, 'first', 1, 18);
  insert into checked (id, teacher_status, teacher_id, degreeproject_id) values (19, 'first', 1, 19);
  insert into checked (id, teacher_status, teacher_id, degreeproject_id) values (20, 'first', 1, 20);
insert into checked (id, teacher_status, teacher_id, degreeproject_id) values (21, 'second', 2, 1);
insert into checked (id, teacher_status, teacher_id, degreeproject_id) values (22, 'second', 2, 2);
insert into checked (id, teacher_status, teacher_id, degreeproject_id) values (23, 'second', 2, 3);
insert into checked (id, teacher_status, teacher_id, degreeproject_id) values (24, 'second', 2, 4);
insert into checked (id, teacher_status, teacher_id, degreeproject_id) values (25, 'second', 2, 5);
insert into checked (id, teacher_status, teacher_id, degreeproject_id) values (26, 'second', 2, 6);
insert into checked (id, teacher_status, teacher_id, degreeproject_id) values (27, 'second', 2, 7);
insert into checked (id, teacher_status, teacher_id, degreeproject_id) values (28, 'second', 2, 8);
insert into checked (id, teacher_status, teacher_id, degreeproject_id) values (29, 'second', 2, 9);
insert into checked (id, teacher_status, teacher_id, degreeproject_id) values (30, 'second', 2, 10);
insert into checked (id, teacher_status, teacher_id, degreeproject_id) values (31, 'second', 2, 11);
insert into checked (id, teacher_status, teacher_id, degreeproject_id) values (32, 'second', 2, 12);
insert into checked (id, teacher_status, teacher_id, degreeproject_id) values (33, 'second', 2, 13);
insert into checked (id, teacher_status, teacher_id, degreeproject_id) values (34, 'second', 2, 14);
insert into checked (id, teacher_status, teacher_id, degreeproject_id) values (35, 'second', 2, 15);
insert into checked (id, teacher_status, teacher_id, degreeproject_id) values (36, 'second', 2, 16);
insert into checked (id, teacher_status, teacher_id, degreeproject_id) values (37, 'second', 2, 17);
insert into checked (id, teacher_status, teacher_id, degreeproject_id) values (38, 'second', 2, 18);
insert into checked (id, teacher_status, teacher_id, degreeproject_id) values (39, 'second', 2, 19);
insert into checked (id, teacher_status, teacher_id, degreeproject_id) values (40, 'second', 2, 20);
  insert into checked (id, teacher_status, teacher_id, degreeproject_id) values (41, 'third', 3, 1);
  insert into checked (id, teacher_status, teacher_id, degreeproject_id) values (42, 'third', 3, 2);
  insert into checked (id, teacher_status, teacher_id, degreeproject_id) values (43, 'third', 3, 3);
  insert into checked (id, teacher_status, teacher_id, degreeproject_id) values (44, 'third', 3, 4);
  insert into checked (id, teacher_status, teacher_id, degreeproject_id) values (45, 'third', 3, 5);
  insert into checked (id, teacher_status, teacher_id, degreeproject_id) values (46, 'third', 3, 6);
  insert into checked (id, teacher_status, teacher_id, degreeproject_id) values (47, 'third', 3, 7);
  insert into checked (id, teacher_status, teacher_id, degreeproject_id) values (48, 'third', 3, 8);
  insert into checked (id, teacher_status, teacher_id, degreeproject_id) values (49, 'third', 3, 9);
  insert into checked (id, teacher_status, teacher_id, degreeproject_id) values (50, 'third', 3, 10);
  insert into checked (id, teacher_status, teacher_id, degreeproject_id) values (51, 'third', 3, 11);
  insert into checked (id, teacher_status, teacher_id, degreeproject_id) values (52, 'third', 3, 12);
  insert into checked (id, teacher_status, teacher_id, degreeproject_id) values (53, 'third', 3, 13);
  insert into checked (id, teacher_status, teacher_id, degreeproject_id) values (54, 'third', 3, 14);
  insert into checked (id, teacher_status, teacher_id, degreeproject_id) values (55, 'third', 3, 15);
  insert into checked (id, teacher_status, teacher_id, degreeproject_id) values (56, 'third', 3, 16);
  insert into checked (id, teacher_status, teacher_id, degreeproject_id) values (57, 'third', 3, 17);
  insert into checked (id, teacher_status, teacher_id, degreeproject_id) values (58, 'third', 3, 18);
  insert into checked (id, teacher_status, teacher_id, degreeproject_id) values (59, 'third', 3, 19);
  insert into checked (id, teacher_status, teacher_id, degreeproject_id) values (60, 'third', 3, 20);
insert into checked (id, teacher_status, teacher_id, degreeproject_id) values (61, 'head', 4, 1);
insert into checked (id, teacher_status, teacher_id, degreeproject_id) values (62, 'head', 4, 2);
insert into checked (id, teacher_status, teacher_id, degreeproject_id) values (63, 'head', 4, 3);
insert into checked (id, teacher_status, teacher_id, degreeproject_id) values (64, 'head', 4, 4);
insert into checked (id, teacher_status, teacher_id, degreeproject_id) values (65, 'head', 4, 5);
insert into checked (id, teacher_status, teacher_id, degreeproject_id) values (66, 'head', 4, 6);
insert into checked (id, teacher_status, teacher_id, degreeproject_id) values (67, 'head', 4, 7);
insert into checked (id, teacher_status, teacher_id, degreeproject_id) values (68, 'head', 4, 8);
insert into checked (id, teacher_status, teacher_id, degreeproject_id) values (69, 'head', 4, 9);
insert into checked (id, teacher_status, teacher_id, degreeproject_id) values (70, 'head', 4, 10);
insert into checked (id, teacher_status, teacher_id, degreeproject_id) values (71, 'head', 4, 11);
insert into checked (id, teacher_status, teacher_id, degreeproject_id) values (72, 'head', 4, 12);
insert into checked (id, teacher_status, teacher_id, degreeproject_id) values (73, 'head', 4, 13);
insert into checked (id, teacher_status, teacher_id, degreeproject_id) values (74, 'head', 4, 14);
insert into checked (id, teacher_status, teacher_id, degreeproject_id) values (75, 'head', 4, 15);
insert into checked (id, teacher_status, teacher_id, degreeproject_id) values (76, 'head', 4, 16);
insert into checked (id, teacher_status, teacher_id, degreeproject_id) values (77, 'head', 4, 17);
insert into checked (id, teacher_status, teacher_id, degreeproject_id) values (78, 'head', 4, 18);
insert into checked (id, teacher_status, teacher_id, degreeproject_id) values (79, 'head', 4, 19);
insert into checked (id, teacher_status, teacher_id, degreeproject_id) values (80, 'head', 4, 20);
